sec_name,hold_stocks,holding_marketvalue,publish_ratio,calculate_ratio,change_holdstocks,float_sharesratio,code,date
浦发银行,468525301.0,4385396817.36,1.59,1.5962222677669626,-1206115.0,3.0533206942518905,600000.SH,2020-11-13
白云机场,157222040.0,2260852935.2000003,7.59,7.597761629303598,1319880.0,15.52084078673902,600004.SH,2020-11-13
东风汽车,533538.0,3393301.68,0.02,0.0266769,0.0,0.0668593984962406,600006.SH,2020-11-13
中国国贸,10458119.0,133654760.82,1.03,1.0382508032249866,-29772.0,5.365275997445813,600007.SH,2020-11-13
首创股份,122741582.0,375589240.92,1.67,1.6720940779954077,-8569797.0,5.3803591256546754,600008.SH,2020-11-13
上海机场,243098535.0,18458471762.550003,22.23,22.23171306367027,2107964.0,26.987542547446626,600009.SH,2020-11-13
包钢股份,598419823.0,706135391.14,1.88,1.8891177380195463,1426387.0,2.9188021394741726,600010.SH,2020-11-13
华能国际,177267339.0,888109368.39,1.61,1.611856834792007,203050.0,4.050970019160656,600011.SH,2020-11-13
皖通高速,19934126.0,115019907.02,1.71,1.7102029855868222,866264.0,8.41939758995486,600012.SH,2020-11-13
华夏银行,230949973.0,1429580332.8700001,1.8,1.8011043960585815,-5426500.0,4.340390295650164,600015.SH,2020-11-13
民生银行,669439913.0,3434226753.69,1.88,1.8877603830404355,-20691824.0,1.9584570643320014,600016.SH,2020-11-13
日照港,15561350.0,44661074.5,0.5,0.5059525735556366,0.0,1.0100276694040315,600017.SH,2020-11-13
上港集团,160683334.0,715040836.3000001,0.69,0.6933873735040118,-410568.0,4.77682737463818,600018.SH,2020-11-13
宝钢股份,1098091401.0,6972880396.349999,4.95,4.956184609753907,311760.0,13.134412915286072,600019.SH,2020-11-13
中原高速,15189405.0,52859129.4,0.67,0.675874138125266,-222181.0,1.7117645085407824,600020.SH,2020-11-13
上海电力,21230514.0,151585869.95999998,0.9,0.9044859908726111,-355403.0,2.7036506457323477,600021.SH,2020-11-13
浙能电力,4721613.0,17422751.97,0.03,0.03471598135216609,0.0,0.12466229290768922,600023.SH,2020-11-13
华能水电,62278673.0,259079279.68,0.69,0.6975657818100358,-2582524.0,3.459926277777778,600025.SH,2020-11-13
中远海能,35623460.0,225140267.20000002,1.3,1.3020114088461598,638220.0,2.9708293245974504,600026.SH,2020-11-13
华电国际,95632905.0,331846180.35,1.17,1.174023098663532,-2030400.0,3.3819947263986427,600027.SH,2020-11-13
中国石化,713736213.0,2869219576.2599998,0.74,0.746915928644274,4650678.0,5.554996988575823,600028.SH,2020-11-13
南方航空,613617722.0,3638753091.46,7.56,7.564768248070014,2587964.0,15.068117837802292,600029.SH,2020-11-13
中信证券,303267671.0,8706814834.41,3.08,3.0899452295946177,-5383698.0,3.880601307607437,600030.SH,2020-11-13
三一重工,826359289.0,23270277578.24,9.74,9.749729264116915,-6280680.0,14.542397470730615,600031.SH,2020-11-13
福建高速,824891.0,2218956.79,0.03,0.03005724384200554,0.0,0.06521292466849703,600033.SH,2020-11-13
招商银行,1044086568.0,44457206065.439995,5.06,5.061269962665815,1816624.0,8.410007047480033,600036.SH,2020-11-13
歌华有线,489175.0,5097203.5,0.03,0.035147490531614166,0.0,0.05668438469833625,600037.SH,2020-11-13
中直股份,23681967.0,1184335169.6699998,4.01,4.017455882006373,546443.0,9.3001670686508,600038.SH,2020-11-13
四川路桥,84461538.0,437510766.84,2.33,2.3393142567769867,3774998.0,5.652830323782609,600039.SH,2020-11-13
保利地产,532593339.0,8404322889.42,4.45,4.4502877828916745,-5249191.0,7.479031992476649,600048.SH,2020-11-13
中国联通,842337698.0,4026374196.44,2.75,2.758392723121073,-6474271.0,5.3901902757712294,600050.SH,2020-11-13
九鼎投资,7717061.0,179035815.2,1.78,1.7800080176998336,5721.0,6.724231570701682,600053.SH,2020-11-13
黄山旅游,1145982.0,9809605.92,0.22,0.22325774400935125,0.0,0.5288230387728898,600054.SH,2020-11-13
中国医药,10768842.0,162071072.1,1.0,1.0082163979421117,-459664.0,2.1342604188728966,600056.SH,2020-11-13
厦门象屿,28533963.0,176054551.71,1.32,1.3225756783602651,2027151.0,2.9682273331624964,600057.SH,2020-11-13
五矿发展,119659.0,814877.7899999999,0.01,0.011163149950089454,0.0,0.02981741187890016,600058.SH,2020-11-13
古越龙山,220408.0,2206284.08,0.02,0.027260533394199787,0.0,0.046509385455896814,600059.SH,2020-11-13
海信视像,12776658.0,141693137.22,0.97,0.976449473265731,-168590.0,1.8260663608305958,600060.SH,2020-11-13
国投资本,48472061.0,695089354.74,1.14,1.1466896956200276,-72245.0,3.1208554389973444,600061.SH,2020-11-13
华润双鹤,31345783.0,398404901.93,3.0,3.0046635296571096,-50300.0,7.50901359763711,600062.SH,2020-11-13
皖维高新,1551641.0,5663489.649999999,0.08,0.08056728160918573,0.0,0.11632105849090349,600063.SH,2020-11-13
南京高科,1160214.0,11567333.58,0.09,0.09387172087186911,0.0,0.1438379774816342,600064.SH,2020-11-13
宇通客车,138247770.0,2433160752.0,6.24,6.244424804609914,-4052898.0,10.608356200918795,600066.SH,2020-11-13
冠城大通,975873.0,3727834.86,0.06,0.06540218387613292,0.0,0.10216921440732067,600067.SH,2020-11-13
葛洲坝,64253777.0,443993599.07,1.39,1.395372050613247,-1140753.0,2.440987507092447,600068.SH,2020-11-13
浙江富润,4634902.0,46117274.9,0.88,0.8880039222745978,348050.0,1.1721305416361583,600070.SH,2020-11-13
中船科技,2801546.0,33114273.720000003,0.38,0.38051564620757977,168460.0,0.6480295427966302,600072.SH,2020-11-13
上海梅林,4637543.0,43082774.47,0.49,0.4945502022143973,-1628933.0,0.7949647640428122,600073.SH,2020-11-13
新疆天业,33911.0,217030.40000000002,0.0,0.0034869121445138774,0.0,0.006016693424224089,600075.SH,2020-11-13
宋都股份,249.0,873.9899999999999,0.0,1.8580393384178278e-05,0.0,3.661795346493414e-05,600077.SH,2020-11-13
澄星股份,6215.0,27781.05,0.0,0.00093801004626418,0.0,0.0016116140057031221,600078.SH,2020-11-13
人福医药,20407679.0,717533993.64,1.5,1.5075433364471942,11094.0,2.131071660993111,600079.SH,2020-11-13
东风科技,267008.0,3113313.2800000003,0.08,0.0851537185865544,0.0,0.24329633881872686,600081.SH,2020-11-13
同仁堂,17733116.0,482695417.52,1.29,1.29300040192924,-459451.0,2.7191286151565945,600085.SH,2020-11-13
*ST金钰,1827.0,1772.19,0.0,0.0001728730298520895,0.0,0.00020715577126182206,600086.SH,2020-11-13
中视传媒,191496.0,2035602.4800000002,0.04,0.048150092631146994,0.0,0.11167952087866592,600088.SH,2020-11-13
特变电工,59610646.0,484038445.52,1.6,1.6048903090913058,-1372244.0,1.978340511203828,600089.SH,2020-11-13
易见股份,3934834.0,37026787.94,0.35,0.3505584002815276,20900.0,0.8653772630471143,600093.SH,2020-11-13
大名城,22851694.0,111744783.66,1.0,1.0037619341708173,232938.0,1.5057362754193202,600094.SH,2020-11-13
云天化,203687.0,1148794.68,0.01,0.015414728002161026,0.0,0.03716953166880978,600096.SH,2020-11-13
广州发展,1045956.0,6077004.359999999,0.03,0.03836685938622625,0.0,0.22114102545635422,600098.SH,2020-11-13
同方股份,2533370.0,17176248.6,0.08,0.08547423653378121,0.0,0.11888453110546861,600100.SH,2020-11-13
明星电力,30597.0,174708.87,0.0,0.007260234475889114,0.0,0.01142255325405665,600101.SH,2020-11-13
上汽集团,456717732.0,11961437401.08,3.9,3.909096095170765,564484.0,13.591040253504133,600104.SH,2020-11-13
永鼎股份,13131474.0,86405098.92,1.0,1.0088792172365126,1353038.0,1.6554723763908306,600105.SH,2020-11-13
重庆路桥,1843574.0,4959214.06,0.13,0.13871627049874247,0.0,0.19496882307679644,600106.SH,2020-11-13
亚盛集团,301548.0,952891.68,0.01,0.015488502644384157,0.0,0.020535514248330947,600108.SH,2020-11-13
国金证券,67052949.0,1091622009.72,2.21,2.217095990489305,-3037176.0,3.0095209244604693,600109.SH,2020-11-13
诺德股份,1500.0,12075.000000000002,0.0,0.000130399393687329,0.0,0.00014337543508697584,600110.SH,2020-11-13
北方稀土,62635357.0,734712737.61,1.72,1.7240357593283469,1008627.0,2.757850531016349,600111.SH,2020-11-13
ST天成,192779.0,275673.97,0.03,0.03785883058936953,0.0,0.046363279230423105,600112.SH,2020-11-13
浙江东日,167.0,1082.16,0.0,4.059002239888685e-05,0.0,8.004856215526391e-05,600113.SH,2020-11-13
东睦股份,97733.0,928463.5,0.01,0.01593538550025556,0.0,0.02077781781064644,600114.SH,2020-11-13
东方航空,135522496.0,653218430.72,1.38,1.3816862295950896,879194.0,3.16771186307014,600115.SH,2020-11-13
三峡水利,699904.0,5641226.24,0.07,0.07048339597216048,0.0,0.11214008463799421,600116.SH,2020-11-13
中国卫星,17585540.0,562913135.4,1.48,1.4871629243341844,164942.0,3.0639607170377623,600118.SH,2020-11-13
ST长投,134051.0,1049619.33,0.04,0.04360800260247235,0.0,0.0677533029311882,600119.SH,2020-11-13
浙江东方,7628385.0,51186463.35,0.34,0.3423962067445577,-402789.0,0.6632710502646456,600120.SH,2020-11-13
郑州煤电,120.0,258.0,0.0,9.848884963167115e-06,0.0,2.7226875852447954e-05,600121.SH,2020-11-13
*ST宏图,2857903.0,3315167.48,0.24,0.24674141136129085,0.0,0.3476470410141175,600122.SH,2020-11-13
兰花科创,483639.0,2471395.29,0.04,0.042335346638655465,0.0,0.07712802602621759,600123.SH,2020-11-13
铁龙物流,37545316.0,201993800.07999998,2.87,2.875885632231084,1266472.0,4.1088182771480914,600125.SH,2020-11-13
国网信通,3852885.0,69428987.7,0.77,0.7772501213337168,320200.0,0.9844968470988192,600131.SH,2020-11-13
重庆啤酒,33104857.0,3438270448.02,6.84,6.840253539219909,-20408.0,17.10063377738179,600132.SH,2020-11-13
乐凯胶片,222266.0,1640323.08,0.05,0.0595900603534821,0.0,0.09044115970969017,600135.SH,2020-11-13
当代文体,5098116.0,37012322.16,1.04,1.0470943785977824,2115897.0,2.0104422550138916,600136.SH,2020-11-13
中青旅,13835491.0,148731528.25,1.91,1.9114018291335102,102039.0,2.4842178313287624,600138.SH,2020-11-13
兴发集团,23515594.0,301469915.08,3.16,3.164136390513627,-891070.0,4.797009095195293,600141.SH,2020-11-13
金发科技,75942265.0,1262919866.9499998,2.95,2.9507928856211363,-2322544.0,4.214331216535236,600143.SH,2020-11-13
中国船舶,6768280.0,121287577.60000001,0.49,0.49112499614129446,353302.0,1.006051320776283,600150.SH,2020-11-13
建发股份,65949871.0,573763877.6999999,2.32,2.326109575043004,-49500.0,4.460555388794487,600153.SH,2020-11-13
华创阳安,4869244.0,57311001.879999995,0.27,0.2799129310102237,-187900.0,0.43526082905806646,600155.SH,2020-11-13
*ST永泰,2663002.0,3728202.8,0.02,0.021431239853338623,0.0,0.03945914927219743,600157.SH,2020-11-13
中体产业,356910.0,4493496.9,0.05,0.05428327017081209,0.0,0.056626883304971794,600158.SH,2020-11-13
巨化股份,61382337.0,425993418.78000003,2.27,2.273633710665992,-1140481.0,5.672043928594143,600160.SH,2020-11-13
天坛生物,21077605.0,720221762.85,1.68,1.6802399618313244,229914.0,3.7228916681984714,600161.SH,2020-11-13
香江控股,23789850.0,49007091.0,0.7,0.700570709052798,9917.0,1.9434500949119533,600162.SH,2020-11-13
福田汽车,3937501.0,12442503.16,0.05,0.059884197630341855,-826400.0,0.08802274602322371,600166.SH,2020-11-13
联美控股,14814877.0,190815615.76000002,0.64,0.6474695557582281,-751331.0,2.0116923162440687,600167.SH,2020-11-13
武汉控股,94920.0,688170.0,0.01,0.013377121524519678,0.0,0.03834621888021737,600168.SH,2020-11-13
太原重工,2625502.0,5224748.9799999995,0.1,0.10240047114711452,0.0,0.15417943621664562,600169.SH,2020-11-13
上海建工,167999511.0,507358523.22,1.88,1.8867026848062194,-3369052.0,3.123266584324082,600170.SH,2020-11-13
上海贝岭,4005773.0,61448557.82,0.59,0.5944978910179476,123545.0,0.8082546760217983,600171.SH,2020-11-13
黄河旋风,1408053.0,4900024.44,0.11,0.11501612216198456,0.0,0.14263085094589803,600172.SH,2020-11-13
卧龙地产,689582.0,3489284.92,0.09,0.0984531706549056,0.0,0.23513191828006003,600173.SH,2020-11-13
中国巨石,239855029.0,4132702149.67,6.84,6.848486992751217,3048942.0,11.924044420417005,600176.SH,2020-11-13
雅戈尔,93905265.0,667666434.15,2.02,2.028628314730616,-982758.0,3.5003108163236347,600177.SH,2020-11-13
*ST安通,557602.0,3178331.4,0.08,0.0810892998368501,0.0,0.09220670241666666,600179.SH,2020-11-13
瑞茂通,28459649.0,167627332.60999998,2.79,2.7998307889686767,-19354.0,7.6186259519775925,600180.SH,2020-11-13
生益科技,113137214.0,3228936087.56,4.94,4.940574976414079,-649497.0,10.244596924575955,600183.SH,2020-11-13
格力地产,63425042.0,624102413.28,3.07,3.07725514146648,-776451.0,5.22553703634512,600185.SH,2020-11-13
兖州煤业,29048672.0,274219463.68,0.98,0.9814140068877804,157444.0,4.193481943528879,600188.SH,2020-11-13
锦州港,268304.0,796862.88,0.01,0.015077624754624867,0.0,0.0625300995904822,600190.SH,2020-11-13
中牧股份,220032.0,2904422.4,0.02,0.02166499638575553,0.0,0.04301562641081732,600195.SH,2020-11-13
复星医药,30355151.0,1740260806.83,1.5,1.5094870365632118,-275489.0,2.8293601263099117,600196.SH,2020-11-13
伊力特,1620753.0,38022865.38,0.37,0.3729158074366055,-43600.0,0.6434432957727504,600197.SH,2020-11-13
江苏吴中,3015557.0,16253852.229999999,0.42,0.42330211599948275,0.0,0.5114641188031603,600200.SH,2020-11-13
生物股份,190143615.0,4240202614.5,16.88,16.883042185668092,1599057.0,19.296123201547143,600201.SH,2020-11-13
有研新材,12481082.0,192083851.98000002,1.48,1.4832337833034897,764551.0,2.2232883501574525,600206.SH,2020-11-13
新湖中宝,101269317.0,320011041.72,1.17,1.177800559589439,-1793068.0,2.74519364807784,600208.SH,2020-11-13
紫江企业,34981597.0,155318290.68,2.3,2.3063732486029385,256366.0,3.1358780384228853,600210.SH,2020-11-13
浙江医药,14770995.0,203987440.95000002,1.53,1.5304768308332697,-739662.0,2.4382473697659646,600216.SH,2020-11-13
南山铝业,388974718.0,1054121485.78,3.25,3.254887406411386,-28059155.0,6.17073268220453,600219.SH,2020-11-13
海航控股,120073296.0,193318006.56,0.73,0.7305504749974632,-4688941.0,1.1135258408608206,600221.SH,2020-11-13
鲁商发展,1647998.0,19808935.96,0.16,0.16464042806563248,61100.0,0.37471634756620525,600223.SH,2020-11-13
*ST瀚叶,531552.0,839852.16,0.02,0.02169681379877846,0.0,0.029348092898145134,600226.SH,2020-11-13
沧州大化,12226.0,120059.32,0.0,0.0029684591959789628,0.0,0.005522229711765715,600230.SH,2020-11-13
凌钢股份,732786.0,1670752.0799999998,0.02,0.026444031736370277,0.0,0.09994533657613591,600231.SH,2020-11-13
圆通速递,20788270.0,267752917.60000002,0.65,0.6583474068940093,11278.0,1.756205276610228,600233.SH,2020-11-13
桂冠电力,22836820.0,103679162.8,0.28,0.2897199369739116,-438170.0,1.5658462238821176,600236.SH,2020-11-13
ST椰岛,400.0,2284.0,0.0,8.988732129894908e-05,0.0,0.00016621436621101283,600238.SH,2020-11-13
云南城投,1495881.0,4502601.81,0.09,0.09316143711550931,0.0,0.16034351881265885,600239.SH,2020-11-13
延长化建,3171.0,13159.650000000001,0.0,0.0004828806078656417,0.0,0.001044813039503966,600248.SH,2020-11-13
冠农股份,56413.0,390377.96,0.0,0.007243375176937732,0.0,0.013037826823325509,600251.SH,2020-11-13
中恒集团,17731828.0,56919167.88,0.51,0.5102526986918254,-202653.0,0.703991093131999,600252.SH,2020-11-13
*ST梦舟,584897.0,965080.0499999999,0.03,0.03305261811941895,0.0,0.03739569160294587,600255.SH,2020-11-13
广汇能源,128740790.0,377210514.70000005,1.9,1.9061321464300027,-4202040.0,2.9801289901218464,600256.SH,2020-11-13
大湖股份,289937.0,1264125.32,0.06,0.06024825329999227,0.0,0.076986829128312,600257.SH,2020-11-13
首旅酒店,71106426.0,1508167295.46,7.26,7.263975668669288,981153.0,14.561252797420025,600258.SH,2020-11-13
广晟有色,306900.0,9249966.0,0.1,0.1016890889009189,0.0,0.1862152456381445,600259.SH,2020-11-13
凯乐科技,19189444.0,238141000.04,1.97,1.9730585413848125,129767.0,2.3494856507948363,600260.SH,2020-11-13
阳光照明,88857438.0,370535516.46,6.11,6.1192244822479624,-397380.0,10.588109614254753,600261.SH,2020-11-13
城建发展,1976595.0,11345655.3,0.08,0.08759415309543257,-99000.0,0.1506695375646036,600266.SH,2020-11-13
海正药业,721030.0,11759999.299999999,0.07,0.07467697787226368,0.0,0.12899744734334415,600267.SH,2020-11-13
国电南自,20400.0,143820.0,0.0,0.0032113521474722677,0.0,0.00645631502806826,600268.SH,2020-11-13
赣粤高速,1686928.0,5803032.32,0.07,0.07223271960251122,0.0,0.15311822383513876,600269.SH,2020-11-13
航天信息,30367621.0,421806255.69,1.63,1.6389693438032973,-256088.0,3.093773432878094,600271.SH,2020-11-13
嘉化能源,30281883.0,328861249.38,2.11,2.1135783799647805,-637279.0,3.1374276480274763,600273.SH,2020-11-13
恒瑞医药,617868564.0,52827762222.0,11.66,11.667279861978654,449854.0,19.188717916225723,600276.SH,2020-11-13
亿利洁能,17511318.0,56211330.78,0.63,0.6393465007402028,1162176.0,1.2574651960297922,600277.SH,2020-11-13
东方创业,7294.0,71408.26,0.0,0.001396671207086341,0.0,0.0038119635418455266,600278.SH,2020-11-13
*ST中商,149381.0,328638.2,0.01,0.013008487649585197,0.0,0.02957176131953043,600280.SH,2020-11-13
南钢股份,91853839.0,292095208.02000004,2.06,2.0654744876218216,-8000539.0,3.629745067924884,600282.SH,2020-11-13
浦东建设,6082305.0,39352513.35,0.62,0.6268763089329001,-97151.0,0.9950378419910947,600284.SH,2020-11-13
羚锐制药,13465981.0,125772262.53999999,2.37,2.3715688179872996,-480211.0,3.185905547221347,600285.SH,2020-11-13
*ST信通,88511.0,308018.27999999997,0.01,0.01564012231748604,0.0,0.020934057588513688,600289.SH,2020-11-13
*ST华仪,200.0,438.0,0.0,2.631913092976879e-05,0.0,3.805032067012383e-05,600290.SH,2020-11-13
西水股份,558088.0,3147616.32,0.05,0.05105719399813796,0.0,0.10371428540791752,600291.SH,2020-11-13
远达环保,880738.0,4659104.0200000005,0.11,0.11279699648915126,0.0,0.23656626178720383,600292.SH,2020-11-13
鄂尔多斯,5610297.0,52848997.74,0.91,0.9167151960784313,113214.0,2.9220296875,600295.SH,2020-11-13
广汇汽车,53757677.0,186001562.42,0.66,0.6628320210157409,-184700.0,1.4082828335805233,600297.SH,2020-11-13
安琪酵母,94458306.0,4496215365.6,11.46,11.462260692030103,416968.0,19.981448692348536,600298.SH,2020-11-13
安迪苏,8090530.0,106471374.8,0.3,0.30167143292899284,-473200.0,0.8351283364841674,600299.SH,2020-11-13
维维股份,1074981.0,4310673.81,0.06,0.06429312200956938,0.0,0.10569317594332503,600300.SH,2020-11-13
恒顺醋业,20102564.0,425973331.16,2.0,2.0043315318532327,-96185.0,3.619852085454657,600305.SH,2020-11-13
酒钢宏兴,1601708.0,2562732.8000000003,0.02,0.02557267439125473,0.0,0.05656234971849489,600307.SH,2020-11-13
万华化学,126504011.0,11119702566.900002,8.88,8.885228485923175,361643.0,8.885228485923175,600309.SH,2020-11-13
桂东电力,6522710.0,25373341.900000002,0.78,0.787981033493401,124763.0,1.5769545610669864,600310.SH,2020-11-13
平高电气,8021601.0,53022782.61,0.59,0.5911618416481069,56459.0,0.9934809496360903,600312.SH,2020-11-13
上海家化,12736001.0,508548519.93,1.89,1.8973601788265406,360402.0,3.7035171772957454,600315.SH,2020-11-13
洪都航空,263591.0,8374286.07,0.03,0.03675716996227794,0.0,0.07089547473795563,600316.SH,2020-11-13
营口港,295042.0,775960.46,0.0,0.004558053062448309,0.0,0.02099095018640601,600317.SH,2020-11-13
新力金融,13468.0,131582.36,0.0,0.002671112030684818,0.0,0.003826008431479435,600318.SH,2020-11-13
正源股份,134400.0,387072.0,0.0,0.008897421469001358,0.0,0.017267376755758977,600321.SH,2020-11-13
瀚蓝环境,18040450.0,447944373.49999994,2.35,2.354338658245597,-183240.0,4.314644994436137,600323.SH,2020-11-13
华发股份,35786163.0,226168550.16,1.69,1.6953745530269055,-2128650.0,2.3737878216261965,600325.SH,2020-11-13
西藏天路,13064038.0,103859102.10000001,1.42,1.4222833286472187,398258.0,1.80860913302177,600326.SH,2020-11-13
大东方,319061.0,1206050.5799999998,0.03,0.03606107437039473,0.0,0.06573192099818362,600327.SH,2020-11-13
中新药业,5393206.0,86884548.66,0.95,0.9530853972401865,-31657.0,2.2470516833144907,600329.SH,2020-11-13
白云山,16277202.0,497594065.14,1.15,1.1577855317709993,-213399.0,2.416500004663103,600332.SH,2020-11-13
长春燃气,5800.0,26970.000000000004,0.0,0.0009523329698114193,0.0,0.0023087351455980732,600333.SH,2020-11-13
国机汽车,7630660.0,46852252.4,0.74,0.7410301084528454,-1547704.0,1.7776019990948806,600335.SH,2020-11-13
美克家居,9756331.0,48391401.76,0.55,0.552211996551887,547299.0,0.6720077568499327,600337.SH,2020-11-13
西藏珠峰,6720409.0,60752497.35999999,0.73,0.7351054752215357,-39260.0,1.4697669449288135,600338.SH,2020-11-13
华夏幸福,141955123.0,1954722043.71,3.64,3.646087262513331,-1060696.0,5.197580328118797,600340.SH,2020-11-13
航天动力,664871.0,5850864.800000001,0.1,0.10417806123106753,0.0,0.1853217624924636,600343.SH,2020-11-13
长江通信,88192.0,1687112.96,0.04,0.04454141414141414,0.0,0.08457476925727851,600345.SH,2020-11-13
恒力石化,183299113.0,4298364199.849999,3.95,3.9572897482392446,-5273618.0,10.88207856870725,600346.SH,2020-11-13
阳泉煤业,28196586.0,141264895.85999998,1.17,1.1724152182952183,641900.0,2.814137936761179,600348.SH,2020-11-13
山东高速,23411857.0,149133529.09,0.48,0.4866150470771434,164369.0,2.0236783359646067,600350.SH,2020-11-13
亚宝药业,797372.0,4265940.199999999,0.1,0.10355480210160982,0.0,0.14838620023299795,600351.SH,2020-11-13
浙江龙盛,70958778.0,1001937945.3599999,2.18,2.181110967265418,-10786.0,2.905195647573659,600352.SH,2020-11-13
旭光电子,2000.0,10960.0,0.0,0.00036783638637534027,0.0,0.0006454337633088281,600353.SH,2020-11-13
江西铜业,26929946.0,428724740.32,1.29,1.2976739995007969,131926.0,3.096220700939668,600362.SH,2020-11-13
联创光电,13659855.0,382612538.55,3.08,3.080173876082568,-1072477.0,3.9060001311126054,600363.SH,2020-11-13
宁波韵升,21381652.0,138766921.48000002,2.16,2.161698048064991,1380570.0,3.223330915820925,600366.SH,2020-11-13
五洲交通,11992641.0,44612624.52,1.06,1.065413943057635,374870.0,2.144045880015015,600368.SH,2020-11-13
西南证券,51233197.0,263850964.55,0.9,0.907567876450496,-676171.0,1.5149358165518443,600369.SH,2020-11-13
中航电子,23636145.0,382905549.0,1.22,1.2258049029628977,-361427.0,3.639361011023438,600372.SH,2020-11-13
中文传媒,106951581.0,1223526086.6399999,7.89,7.892734452290358,-13167.0,17.83945517311174,600373.SH,2020-11-13
华菱星马,74101.0,583915.88,0.01,0.013333738870259284,0.0,0.016723098840925474,600375.SH,2020-11-13
首开股份,31321140.0,196696759.20000002,1.21,1.2142022806802883,-420300.0,2.5646433140384195,600376.SH,2020-11-13
宁沪高速,12744345.0,119541956.10000001,0.33,0.33539808099713914,242437.0,2.722400706887327,600377.SH,2020-11-13
昊华科技,3692314.0,78240133.66000001,1.03,1.035328999547012,119308.0,2.045392280410912,600378.SH,2020-11-13
健康元,107416858.0,1569360295.3799999,5.5,5.506333188098308,-1718070.0,9.961420761233757,600380.SH,2020-11-13
青海春天,100.0,520.0,0.0,1.7034012499227913e-05,0.0,3.5400397845955175e-05,600381.SH,2020-11-13
广东明珠,5746.0,28672.54,0.0,0.0007283247201160974,0.0,0.001335960781771513,600382.SH,2020-11-13
金地集团,103387421.0,1436051277.69,2.29,2.290076578518148,1065584.0,2.4835993417817606,600383.SH,2020-11-13
北巴传媒,497355.0,1884975.45,0.06,0.06167596726190476,0.0,0.13705770502645503,600386.SH,2020-11-13
海越能源,2542068.0,16955593.56,0.65,0.654966221961136,-26878.0,0.8525053797200693,600387.SH,2020-11-13
龙净环保,16599531.0,171473155.23,1.55,1.5527332584024829,-643983.0,2.3290350296583,600388.SH,2020-11-13
江山股份,50.0,973.5,0.0,1.6835016835016834e-05,0.0,4.1035672079939325e-05,600389.SH,2020-11-13
航发科技,517550.0,11458557.0,0.15,0.1567718754326997,0.0,0.2450264878107288,600391.SH,2020-11-13
盛和资源,18163098.0,135859973.04000002,1.03,1.0348358479084885,1218080.0,1.549152565664609,600392.SH,2020-11-13
粤泰股份,2190338.0,6242463.3,0.22,0.2216480159990034,0.0,0.24117205572863534,600393.SH,2020-11-13
盘江股份,11176385.0,76558237.25,0.67,0.675289111076381,-1382335.0,2.226244644607982,600395.SH,2020-11-13
金山股份,132900.0,368133.0,0.0,0.009024199417418737,0.0,0.021655396588867348,600396.SH,2020-11-13
安源煤业,490183.0,1460745.34,0.04,0.04951544086914827,0.0,0.08163270512895257,600397.SH,2020-11-13
海澜之家,33633656.0,231735889.84,0.77,0.7786308145696914,-47750.0,2.7854787774388563,600398.SH,2020-11-13
ST抚钢,58637.0,610411.17,0.0,0.002973327924547437,0.0,0.0046087440181667,600399.SH,2020-11-13
红豆股份,1067133.0,3446839.59,0.04,0.04212494180692874,0.0,0.08804042358583719,600400.SH,2020-11-13
大有能源,62159.0,224393.99,0.0,0.0025999112246532508,0.0,0.019224750634101458,600403.SH,2020-11-13
动力源,91570.0,510044.9,0.01,0.016550526565205545,0.0,0.0186444986096166,600405.SH,2020-11-13
国电南瑞,505248308.0,11923860068.800001,17.21,17.215186164580146,233826.0,26.06166098427965,600406.SH,2020-11-13
三友化工,21647484.0,180756491.4,1.04,1.0486346689497117,-2643983.0,1.9160786324909034,600409.SH,2020-11-13
华胜天成,1662773.0,16744124.110000001,0.15,0.15133406268713792,-178200.0,0.16336656122124482,600410.SH,2020-11-13
小商品城,6865835.0,36114292.1,0.12,0.1261356760546473,-558200.0,0.304125245460574,600415.SH,2020-11-13
*ST湘电,358982.0,5406268.92,0.03,0.037954004259678355,0.0,0.05710534234665622,600416.SH,2020-11-13
江淮汽车,3108323.0,27291075.939999998,0.16,0.16417382913733286,-272100.0,0.24200396228318882,600418.SH,2020-11-13
现代制药,5918346.0,60071211.9,0.57,0.576298533216292,-206600.0,1.6730690183564687,600420.SH,2020-11-13
昆药集团,10863149.0,101570443.14999999,1.43,1.4343004807782416,-260000.0,2.36599723149233,600422.SH,2020-11-13
青松建化,35373.0,142199.46,0.0,0.002565510178755376,0.0,0.003627035067310729,600425.SH,2020-11-13
华鲁恒升,46102179.0,1581304739.6999998,2.84,2.8452343728182488,4453932.0,4.203774825412239,600426.SH,2020-11-13
中远海特,984649.0,3682587.2600000002,0.04,0.04586908188802919,0.0,0.09348698664286695,600428.SH,2020-11-13
冠豪高新,690139.0,2374078.16,0.05,0.05428542568250703,0.0,0.08253332010180087,600433.SH,2020-11-13
北方导航,1333695.0,11016320.7,0.08,0.08955060027395052,-125400.0,0.1434982523962641,600435.SH,2020-11-13
片仔癀,21148698.0,4709815044.599999,3.5,3.505402738304117,259371.0,8.431027920627274,600436.SH,2020-11-13
通威股份,144890069.0,4480000933.4800005,3.37,3.3790798869619794,2649989.0,6.328643742996282,600438.SH,2020-11-13
瑞贝卡,14826766.0,43294156.72,1.3,1.3098018292532103,532140.0,1.975724014372161,600439.SH,2020-11-13
金证股份,13422689.0,241876855.78,1.56,1.5692659061907932,223322.0,2.53243054032796,600446.SH,2020-11-13
宁夏建材,400839.0,6245071.62,0.08,0.08382578245333282,0.0,0.15984471814932116,600449.SH,2020-11-13
涪陵电力,3294827.0,57791265.58,0.75,0.7504616891399417,-23380.0,1.5519444133751417,600452.SH,2020-11-13
时代新材,214236.0,1617481.8,0.02,0.02668616008473323,0.0,0.05448226684559617,600458.SH,2020-11-13
贵研铂业,4252665.0,99469834.35000001,0.97,0.9715757749747926,511564.0,1.6097386861639789,600459.SH,2020-11-13
士兰微,13736608.0,217862602.88,1.04,1.0469483943000255,-304826.0,1.771106668509657,600460.SH,2020-11-13
蓝光发展,44038878.0,218873223.66,1.45,1.4510671312965366,-8257006.0,3.480541287655451,600466.SH,2020-11-13
好当家,38300.0,104176.00000000001,0.0,0.0026215023491289392,0.0,0.004461430163927831,600467.SH,2020-11-13
百利电气,673987.0,3390154.6100000003,0.06,0.06007576263119188,0.0,0.13702941012422004,600468.SH,2020-11-13
风神股份,300.0,1542.0,0.0,5.3341562442854514e-05,0.0,9.624588189536939e-05,600469.SH,2020-11-13
*ST六化,100.0,415.00000000000006,0.0,1.9171779141104296e-05,0.0,2.5731530956925587e-05,600470.SH,2020-11-13
杭萧钢构,7289166.0,30250038.900000002,0.33,0.3384654389353394,-32056.0,0.5907067333916411,600477.SH,2020-11-13
科力远,22029.0,98249.34,0.0,0.0013732664659226507,0.0,0.0019202009966928402,600478.SH,2020-11-13
千金药业,393122.0,3506648.2399999998,0.09,0.09393436432288917,0.0,0.13142355561551838,600479.SH,2020-11-13
凌云股份,584532.0,5453683.56,0.07,0.07656338754268868,0.0,0.14270601982287814,600480.SH,2020-11-13
双良节能,1886619.0,7074821.25,0.11,0.11593868589836369,0.0,0.2425184106589915,600481.SH,2020-11-13
中国动力,2109008.0,35642235.199999996,0.24,0.33273336954007693,-27450.0,0.33273336954007693,600482.SH,2020-11-13
福能股份,6730453.0,51420660.919999994,0.43,0.43370908020495974,-18200.0,1.564210758523131,600483.SH,2020-11-13
*ST信威,628734.0,873940.2599999999,0.03,0.03317857446253292,0.0,0.03317857446253292,600485.SH,2020-11-13
扬农化工,8359435.0,894459545.0,2.69,2.697471598375144,-716898.0,4.651074299412959,600486.SH,2020-11-13
亨通光电,31492698.0,472390470.0,1.65,1.6530532396607969,-233909.0,2.3812395803843462,600487.SH,2020-11-13
天药股份,2830.0,14121.7,0.0,0.0002867096489885293,0.0,0.0005304157552941645,600488.SH,2020-11-13
中金黄金,62587647.0,590201511.21,1.81,1.8135369176133902,480410.0,3.6516148125657955,600489.SH,2020-11-13
鹏欣资源,3327517.0,12810940.450000001,0.19,0.19821937328199782,0.0,0.235980853694272,600490.SH,2020-11-13
龙元建设,10505526.0,66394924.32,0.68,0.68674432877847,888279.0,1.1778880656599187,600491.SH,2020-11-13
晋西车轴,701298.0,2749088.16,0.05,0.0580452979844776,0.0,0.08413540145402272,600495.SH,2020-11-13
精工钢构,1356225.0,7445675.25,0.08,0.08978975205455982,0.0,0.10650628174909677,600496.SH,2020-11-13
驰宏锌锗,4334686.0,18075640.62,0.1,0.10057513688097132,0.0,0.1896606333881413,600497.SH,2020-11-13
烽火通信,21839290.0,542051177.8,1.96,1.9608596053374368,34815.0,3.5243801971794095,600498.SH,2020-11-13
科达制造,2313043.0,10871302.1,0.16,0.16387541391924745,-79700.0,0.23596140223910944,600499.SH,2020-11-13
中化国际,16512491.0,86360327.93,0.6,0.6097858324191323,82141.0,1.3657625722377962,600500.SH,2020-11-13
航天晨光,676561.0,6542344.87,0.16,0.16059514303428854,0.0,0.302184787064109,600501.SH,2020-11-13
安徽建工,9772541.0,39187889.41,0.56,0.5677879718106809,-134800.0,0.8389202209695175,600502.SH,2020-11-13
华丽家族,1454149.0,5438517.260000001,0.09,0.09075442023603718,0.0,0.10399629542220028,600503.SH,2020-11-13
方大特钢,96816384.0,701918784.0,4.49,4.490659522986584,-6879311.0,6.338126688039333,600507.SH,2020-11-13
上海能源,100.0,888.0000000000001,0.0,1.3836655514322322e-05,0.0,3.6828795162134115e-05,600508.SH,2020-11-13
天富能源,9425.0,35343.75,0.0,0.0008185580230277646,0.0,0.0013616321730708836,600509.SH,2020-11-13
黑牡丹,825687.0,6440358.6,0.07,0.07885502082296686,0.0,0.2306552387734561,600510.SH,2020-11-13
国药股份,14772719.0,642908730.88,2.66,2.669705334537411,108400.0,4.3237911440897285,600511.SH,2020-11-13
联环药业,48781.0,501956.48999999993,0.01,0.017088782110128462,0.0,0.02716276507827608,600513.SH,2020-11-13
方大炭素,61386824.0,410063984.32,1.61,1.6129086163184758,-707334.0,2.6905671318066324,600516.SH,2020-11-13
国网英大,1169114.0,7529094.16,0.08,0.08620717732513258,0.0,0.18762818206769466,600517.SH,2020-11-13
ST康美,1408409.0,4351983.81,0.03,0.031945499087650854,-500.0,0.05186105254068723,600518.SH,2020-11-13
贵州茅台,101562633.0,173164289265.0,8.08,8.084923648170694,-246960.0,20.31846946786078,600519.SH,2020-11-13
华海药业,24996328.0,818379778.72,1.71,1.7184236022585402,132193.0,2.9805107180947448,600521.SH,2020-11-13
中天科技,59508735.0,640313988.6,1.94,1.9408312255235853,-563108.0,2.589431557528518,600522.SH,2020-11-13
贵航股份,9280.0,147180.8,0.0,0.00229677603429047,0.0,0.004841829230561334,600523.SH,2020-11-13
长园集团,2424554.0,15104971.420000002,0.18,0.1856792876083156,0.0,0.29254808186697,600525.SH,2020-11-13
菲达环保,1365321.0,7318120.5600000005,0.24,0.2494171259100982,0.0,0.44005424912303304,600526.SH,2020-11-13
江南高纤,3481754.0,9574823.5,0.2,0.2010528125435182,0.0,0.2867319310478155,600527.SH,2020-11-13
中铁工业,2653172.0,24276523.8,0.11,0.11942878186270596,-184700.0,0.25795377258802166,600528.SH,2020-11-13
山东药玻,22126356.0,1008076779.36,3.71,3.7189168844139044,352825.0,4.750522700989527,600529.SH,2020-11-13
豫光金铅,6810262.0,36979722.66,0.62,0.6246556305557208,-238029.0,0.9837285638210125,600531.SH,2020-11-13
宏达矿业,37251.0,453717.18,0.0,0.007218266696730021,0.0,0.0106600554310291,600532.SH,2020-11-13
天士力,4667509.0,80187804.62,0.3,0.30856172435908863,-100.0,0.5926953159965523,600535.SH,2020-11-13
中国软件,8504844.0,613369349.2800001,1.71,1.7196692330155972,134616.0,2.456561136756867,600536.SH,2020-11-13
亿晶光电,632011.0,2515403.78,0.05,0.053726018674084185,0.0,0.08017744644793541,600537.SH,2020-11-13
卓郎智能,12503545.0,57016165.199999996,0.65,0.659673909221035,-217732.0,1.2433255850899505,600545.SH,2020-11-13
山煤国际,12098.0,108640.04000000001,0.0,0.0006102530974531422,0.0,0.001542227120624054,600546.SH,2020-11-13
山东黄金,71683648.0,1752665193.6,2.17,2.1785408561260797,304582.0,4.477660447931325,600547.SH,2020-11-13
深高速,5031729.0,44681753.52,0.35,0.35106629284949,-18300.0,1.3709296192733489,600548.SH,2020-11-13
厦门钨业,20584028.0,305261135.24,1.46,1.4639652665751666,-672354.0,2.8370776445264916,600549.SH,2020-11-13
时代出版,247978.0,1981344.22,0.04,0.049024436294700456,0.0,0.1391566325131965,600551.SH,2020-11-13
凯盛科技,1705654.0,11018524.84,0.22,0.22328704270561878,0.0,0.306792331945413,600552.SH,2020-11-13
康缘药业,4421694.0,55536476.64,0.74,0.7457978441874203,-134435.0,1.2020902746254631,600557.SH,2020-11-13
老白干酒,10339620.0,170293541.39999998,1.17,1.1793479258593813,-817241.0,1.7046287032540166,600559.SH,2020-11-13
江西长运,11900.0,60095.0,0.0,0.005019741504403874,0.0,0.006943344473783673,600561.SH,2020-11-13
国睿科技,496435.0,8325214.95,0.07,0.07976772338235219,0.0,0.14153617332841928,600562.SH,2020-11-13
法拉电子,5251423.0,540844054.77,2.33,2.333965777777778,-273271.0,4.541391631998934,600563.SH,2020-11-13
迪马股份,37401968.0,111831884.32000001,1.55,1.5568738439977041,-4042024.0,2.816570198326887,600565.SH,2020-11-13
济川药业,16206213.0,359777928.59999996,1.98,1.9886695281910791,63465.0,6.448140135890918,600566.SH,2020-11-13
山鹰国际,65289816.0,212844800.16,1.42,1.4207058416437346,2920190.0,2.128692407644425,600567.SH,2020-11-13
*ST中珠,520541.0,843276.42,0.03,0.03326250483747614,0.0,0.054273809302980355,600568.SH,2020-11-13
恒生电子,63727543.0,5650721237.81,6.1,6.103640201376593,92049.0,7.698902607842921,600570.SH,2020-11-13
信雅达,693149.0,5836314.58,0.16,0.1609314098893679,0.0,0.21104238112537008,600571.SH,2020-11-13
康恩贝,28352429.0,144030339.32,1.06,1.0656490921219994,230382.0,1.5952969713896623,600572.SH,2020-11-13
精达股份,17572748.0,57462885.96,0.91,0.9145779392244808,-562512.0,1.1955177443814888,600577.SH,2020-11-13
京能电力,4900661.0,14652976.39,0.07,0.07263752606885798,0.0,0.2642506501232699,600578.SH,2020-11-13
卧龙电驱,18864914.0,241093600.92,1.44,1.4437954399376347,-352553.0,2.2324058338851325,600580.SH,2020-11-13
天地科技,144379935.0,454796795.25,3.48,3.488627132767166,-777074.0,9.767814625526858,600582.SH,2020-11-13
海油工程,80567157.0,354495490.8,1.82,1.8222278157817147,963650.0,4.051023451794517,600583.SH,2020-11-13
长电科技,2559261.0,110278556.49000001,0.21,0.21168556676283373,0.0,0.2432888330683145,600584.SH,2020-11-13
海螺水泥,392583243.0,21584226700.14,9.81,9.815310894895418,-2114332.0,18.957749150521014,600585.SH,2020-11-13
金晶科技,2876129.0,13258954.690000001,0.2,0.20130104915416758,0.0,0.2971558761309918,600586.SH,2020-11-13
新华医疗,7588247.0,120501362.36,1.88,1.8807618080609327,-38729.0,2.648426914588213,600587.SH,2020-11-13
用友网络,103606392.0,4934772450.96,3.18,3.1874496304813342,492282.0,6.370080984323674,600588.SH,2020-11-13
广东榕泰,101.0,376.73,0.0,1.4345912718293782e-05,0.0,2.676226798859163e-05,600589.SH,2020-11-13
益佰制药,809311.0,4961076.43,0.1,0.102195100207418,-100.0,0.1334462240396209,600594.SH,2020-11-13
新安股份,4747539.0,58537155.87,0.67,0.6783500683766251,-4310528.0,0.8641572412732152,600596.SH,2020-11-13
光明乳业,12346611.0,191619402.72,1.0,1.008461221923879,-52206.0,2.0849248441630843,600597.SH,2020-11-13
北大荒,24019407.0,409290695.28,1.35,1.3511660270442984,118493.0,3.7682360693705648,600598.SH,2020-11-13
青岛啤酒,14053856.0,1193875067.2,2.01,2.01948282900175,-266004.0,4.83313175131785,600600.SH,2020-11-13
方正科技,1715472.0,6861888.0,0.07,0.07815749577353538,0.0,0.08941466177410562,600601.SH,2020-11-13
市北高新,2316105.0,16675956.0,0.16,0.16455981346026938,-56500.0,0.3248442895268615,600604.SH,2020-11-13
绿地控股,260262426.0,1616229665.46,2.13,2.138881688753327,2182801.0,8.731841015693202,600606.SH,2020-11-13
大众交通,10625975.0,38253510.0,0.67,0.6797072713300147,-354000.0,0.9747435785863725,600611.SH,2020-11-13
老凤祥,3802245.0,177678908.85,1.19,1.1990317039567673,53994.0,3.922353868902604,600612.SH,2020-11-13
神奇制药,398145.0,2173871.7,0.08,0.08306455359137983,0.0,0.22068903268213091,600613.SH,2020-11-13
*ST鹏起,749936.0,554952.64,0.04,0.04961575412347826,0.0,0.07037822024493223,600614.SH,2020-11-13
金枫酒业,5546.0,29504.72,0.0,0.0008289923714316314,0.0,0.0014209519206979698,600616.SH,2020-11-13
国新能源,133104.0,581664.48,0.01,0.013652891745738844,0.0,0.04133898097324827,600617.SH,2020-11-13
氯碱化工,3297.0,24793.44,0.0,0.0004396938154174912,0.0,0.001562305059855925,600618.SH,2020-11-13
天宸股份,6095.0,42847.85,0.0,0.0008876078559501954,0.0,0.0012661136881723684,600620.SH,2020-11-13
华鑫股份,4216286.0,76862893.78,0.39,0.39742565875894653,46268.0,0.8505163502452121,600621.SH,2020-11-13
光大嘉宝,9183818.0,32694392.080000002,0.61,0.6123829696383215,-151230.0,1.13934705636653,600622.SH,2020-11-13
华谊集团,2871718.0,17000570.56,0.15,0.15421130876490521,0.0,0.6180650613643804,600623.SH,2020-11-13
复旦复华,106166.0,950185.7,0.01,0.015505204881684493,0.0,0.022612042846956514,600624.SH,2020-11-13
申达股份,5051622.0,21065263.74,0.62,0.6250794036766975,-56861.0,0.8599027518499391,600626.SH,2020-11-13
新世界,331457.0,2827328.21,0.05,0.05123969905152551,0.0,0.09780797698285344,600628.SH,2020-11-13
华建集团,41.0,331.28000000000003,0.0,7.905142028428364e-06,0.0,2.7627441631588296e-05,600629.SH,2020-11-13
浙数文化,720466.0,6505807.9799999995,0.05,0.05533856246671267,0.0,0.10604392201523151,600633.SH,2020-11-13
*ST富控,7096.0,6741.2,0.0,0.0012325177342340941,0.0,0.0015560363045987644,600634.SH,2020-11-13
大众公用,7077675.0,29938565.250000004,0.29,0.29261201256615044,34174.0,0.39991042431398516,600635.SH,2020-11-13
国新文化,47878.0,631989.6,0.01,0.010712474536533274,0.0,0.018422567202324158,600636.SH,2020-11-13
东方明珠,58204941.0,543052099.53,1.7,1.704640139805925,956841.0,3.15530410627372,600637.SH,2020-11-13
新黄浦,380197.0,2554923.84,0.05,0.056459580429301305,0.0,0.10963079439472415,600638.SH,2020-11-13
浦东金桥,4643809.0,59301440.93,0.54,0.5461783740474445,-164037.0,1.5680319908970988,600639.SH,2020-11-13
号百控股,34045.0,481736.75,0.0,0.004278644427920545,0.0,0.013973921653563353,600640.SH,2020-11-13
万业企业,23445190.0,437487245.4,2.44,2.4474836483006133,-946630.0,4.745848694347345,600641.SH,2020-11-13
申能股份,71653190.0,389076821.7,1.57,1.574090221256389,-2075579.0,3.901590896545389,600642.SH,2020-11-13
爱建集团,31060271.0,249103373.42,2.16,2.1658997421594868,-370773.0,3.839887669751812,600643.SH,2020-11-13
中源协和,350301.0,8792555.1,0.08,0.08523799996132547,0.0,0.10886868098283767,600645.SH,2020-11-13
外高桥,6989704.0,104565971.84,0.74,0.7477285654412325,-189345.0,2.1011270610208888,600648.SH,2020-11-13
城投控股,2890226.0,15636122.66,0.11,0.11425734661389453,0.0,0.2421350408904951,600649.SH,2020-11-13
锦江投资,340415.0,3019481.05,0.08,0.08716072681008165,0.0,0.19721384341709206,600650.SH,2020-11-13
*ST飞乐,103798.0,350837.24,0.01,0.010535514888988216,0.0,0.013530613143896858,600651.SH,2020-11-13
ST中安,228431.0,379195.45999999996,0.03,0.030254032341044176,0.0,0.0304922779114779,600654.SH,2020-11-13
豫园股份,57080553.0,536557198.20000005,3.56,3.560862076706185,-67647.0,4.701483142453539,600655.SH,2020-11-13
信达地产,22318118.0,95298363.85999998,1.46,1.4641932169227023,-140409.0,3.0185192670756402,600657.SH,2020-11-13
电子城,91.0,518.7,0.0,8.135277724904681e-06,0.0,1.8347322615736093e-05,600658.SH,2020-11-13
福耀玻璃,179352852.0,7396511616.4800005,8.95,8.954272384920099,1312744.0,13.304706106460332,600660.SH,2020-11-13
昂立教育,53376.0,838003.2,0.01,0.018627191742503362,0.0,0.039559137074522216,600661.SH,2020-11-13
强生控股,533013.0,4370706.6,0.05,0.05060111370562758,0.0,0.09200688056588133,600662.SH,2020-11-13
陆家嘴,8919490.0,102841719.69999999,0.3,0.3040602435871801,-401224.0,1.3566676743947754,600663.SH,2020-11-13
哈药股份,5788403.0,18812309.75,0.23,0.23089376652236426,0.0,0.4340049973065784,600664.SH,2020-11-13
ST瑞德,751867.0,992464.4400000001,0.09,0.09355587936150735,0.0,0.11338758316512555,600666.SH,2020-11-13
太极实业,47383989.0,508904041.86,2.24,2.249748835358969,270513.0,3.6260788073849137,600667.SH,2020-11-13
尖峰集团,622692.0,9265656.96,0.18,0.1809710161676067,-5100.0,0.21582302561809247,600668.SH,2020-11-13
东阳光,34531134.0,192683727.72,1.4,1.4043175919447672,149678.0,2.471941859654839,600673.SH,2020-11-13
川投能源,154126875.0,1579800468.75,3.5,3.5011772900199167,-252545.0,12.775069290200397,600674.SH,2020-11-13
中华企业,35001865.0,131607012.39999999,1.56,1.5622545731202184,14588.0,2.372134336541788,600675.SH,2020-11-13
交运股份,735509.0,3824646.8000000003,0.07,0.07151327622525722,0.0,0.13499345339317567,600676.SH,2020-11-13
*ST航通,16200.0,48762.0,0.0,0.0035696605113372543,0.0,0.0045812304849125575,600677.SH,2020-11-13
百川能源,7300263.0,37523351.82,0.5,0.5069238962684643,28100.0,1.7561460908202302,600681.SH,2020-11-13
南京新百,12396033.0,125447853.96,1.06,1.0640095168342298,-478100.0,1.874213502594622,600682.SH,2020-11-13
珠江实业,1309693.0,4177920.67,0.15,0.1534567396840827,0.0,0.2383505643677247,600684.SH,2020-11-13
中船防务,3525819.0,94386174.63,0.42,0.42922668538590386,-91785.0,1.0811700193432963,600685.SH,2020-11-13
金龙汽车,13820.0,107796.0,0.0,0.0022777522358392046,0.0,0.005125993888301966,600686.SH,2020-11-13
*ST刚泰,592856.0,604713.12,0.03,0.03982332944432471,0.0,0.08699336665894646,600687.SH,2020-11-13
上海石化,63586220.0,213649699.2,0.86,0.867619567614867,-604230.0,3.4024914738683125,600688.SH,2020-11-13
海尔智家,510772762.0,14505946440.8,8.09,8.096512623638631,2337528.0,13.68632504796218,600690.SH,2020-11-13
东百集团,4871183.0,22699712.78,0.54,0.5429028768172991,0.0,1.2841666242274021,600693.SH,2020-11-13
大商股份,7012027.0,163380229.1,2.38,2.3873277806431994,5365.0,3.8519451369105235,600694.SH,2020-11-13
欧亚集团,2352.0,35444.64,0.0,0.0015158935346464009,0.0,0.0020251050342423565,600697.SH,2020-11-13
均胜电子,72312198.0,1880117148.0,5.84,5.844528948255641,-620253.0,9.939201808408571,600699.SH,2020-11-13
ST舍得,1166339.0,60171429.010000005,0.35,0.3518187285883925,0.0,0.5052996374311479,600702.SH,2020-11-13
三安光电,109888091.0,2834013866.89,2.69,2.694375719547387,311419.0,4.902163946706085,600703.SH,2020-11-13
物产中大,96418671.0,438704953.05,1.9,1.904685968187742,-633596.0,3.3837590096150434,600704.SH,2020-11-13
中航资本,124289874.0,544389648.12,1.39,1.3985514852825822,88226.0,2.6498111806895697,600705.SH,2020-11-13
光明地产,16248999.0,43059847.35,0.73,0.7302009309470606,-638317.0,1.523415294378151,600708.SH,2020-11-13
盛屯矿业,20492860.0,134843018.8,1.07,1.0708492493437873,-3897419.0,1.2996288445719761,600711.SH,2020-11-13
文投控股,2.0,5.32,0.0,1.0782522716753641e-07,0.0,2.25013918910996e-07,600715.SH,2020-11-13
凤凰股份,543120.0,2101874.4,0.05,0.05802188510040788,0.0,0.12118425154423404,600716.SH,2020-11-13
天津港,2151500.0,10241140.0,0.08,0.08921213108573707,0.0,0.20657913180568205,600717.SH,2020-11-13
东软集团,1251080.0,14062139.200000001,0.1,0.10070105547718362,0.0,0.14574805464564147,600718.SH,2020-11-13
祁连山,31883590.0,513644634.9,4.1,4.107848848446382,-189900.0,5.480424609727609,600720.SH,2020-11-13
宁波富达,6683.0,25662.719999999998,0.0,0.00046250970135379714,0.0,0.00200814792423266,600724.SH,2020-11-13
佳都科技,10565284.0,92763193.52,0.61,0.6124334394840442,-60584.0,0.7615288185179669,600728.SH,2020-11-13
重庆百货,10608045.0,331925728.05,2.61,2.61007732358177,-230633.0,5.726805088270649,600729.SH,2020-11-13
中国高科,164535.0,794704.05,0.02,0.028046248472541835,0.0,0.035069152250353834,600730.SH,2020-11-13
北汽蓝谷,45174541.0,318480514.05,2.47,2.475788435223876,-598732.0,2.758927023537875,600733.SH,2020-11-13
苏州高新,5901218.0,28974980.380000003,0.51,0.512573122280167,-11500.0,0.9119511853608488,600736.SH,2020-11-13
中粮糖业,4915892.0,40506950.08,0.23,0.23285940445533682,-448906.0,0.4664852252955121,600737.SH,2020-11-13
兰州民百,3898613.0,25886790.32,0.52,0.5265068472476042,318800.0,1.3709789501875347,600738.SH,2020-11-13
辽宁成大,27531659.0,638734488.8,1.79,1.799796190887488,-53560.0,2.697892440136198,600739.SH,2020-11-13
山西焦化,16709501.0,99087340.92999999,1.73,1.7352843243022316,1704786.0,1.9693761862258512,600740.SH,2020-11-13
华域汽车,186722433.0,6210388121.58,5.92,5.922574698819559,581915.0,14.209572737025184,600741.SH,2020-11-13
一汽富维,10912481.0,122547161.63000001,1.63,1.6308681870510446,-571980.0,2.5619435297830355,600742.SH,2020-11-13
华远地产,2275638.0,4915378.08,0.09,0.09699659657515648,0.0,0.2464689453583541,600743.SH,2020-11-13
闻泰科技,18878182.0,2073390729.06,2.56,2.5638053225044177,428821.0,4.080269562167025,600745.SH,2020-11-13
上实发展,39427790.0,202264562.7,2.13,2.137513997001735,-538569.0,5.003386637463524,600748.SH,2020-11-13
江中药业,4087491.0,45575524.65,0.64,0.6488080952380952,124143.0,1.1388036448951504,600750.SH,2020-11-13
锦江酒店,27193657.0,1394762667.53,3.39,3.3909990422682377,-99420.0,8.499898016503431,600754.SH,2020-11-13
厦门国贸,11535023.0,77630704.79,0.62,0.6234900315012588,-1417332.0,0.9925295995355752,600755.SH,2020-11-13
浪潮软件,7098067.0,113782014.01,2.19,2.1900938940052015,105450.0,2.7069360936824136,600756.SH,2020-11-13
长江传媒,553810.0,3034878.8000000003,0.04,0.04563752139423113,0.0,0.10482852397974302,600757.SH,2020-11-13
辽宁能源,1308.0,3688.56,0.0,9.903513475381426e-05,0.0,0.0002583525298842623,600758.SH,2020-11-13
洲际油气,96960.0,184224.0,0.0,0.004293715624020505,0.0,0.006810116885731948,600759.SH,2020-11-13
中航沈飞,15207068.0,800347988.84,3.81,3.81586571755827,-1315197.0,4.071362889446628,600760.SH,2020-11-13
安徽合力,1691290.0,24405314.7,0.22,0.22849687474061237,0.0,0.40064168144118095,600761.SH,2020-11-13
通策医疗,7997842.0,1941876037.6000001,2.49,2.494336951097804,-170131.0,3.765320515234831,600763.SH,2020-11-13
中国海防,1793975.0,60008463.75000001,0.54,0.5456697099958372,130613.0,1.3401505065271766,600764.SH,2020-11-13
中航重机,14729727.0,235381037.46,1.89,1.8932733181560177,1784915.0,3.130661510686862,600765.SH,2020-11-13
综艺股份,119945.0,688484.3,0.0,0.009226538461538461,0.0,0.016517726382728422,600770.SH,2020-11-13
广誉远,1540.0,22237.6,0.0,0.0003130083228486216,0.0,0.0004252488371183959,600771.SH,2020-11-13
西藏城投,413436.0,2530228.32,0.05,0.05541259870427782,0.0,0.0965874835777904,600773.SH,2020-11-13
南京熊猫,4521615.0,32736492.6,0.67,0.6730210913521454,13600.0,1.2071012009589301,600775.SH,2020-11-13
东方通信,3130145.0,40566679.2,0.32,0.3274210031852048,269900.0,0.762734681371211,600776.SH,2020-11-13
新潮能源,34711214.0,57273503.099999994,0.55,0.5569765371098433,-3514400.0,0.7127720679678374,600777.SH,2020-11-13
友好集团,54000.0,240300.0,0.01,0.01735135532496804,0.0,0.027074415791640348,600778.SH,2020-11-13
水井坊,30304479.0,2311928702.9100003,6.2,6.20607452621607,-149033.0,16.85105520780847,600779.SH,2020-11-13
通宝能源,26572.0,87421.88,0.0,0.0023176573506764105,0.0,0.00548942810971857,600780.SH,2020-11-13
*ST辅仁,369.0,1424.34,0.0,9.859371113948246e-05,0.0,0.0001585013657212189,600781.SH,2020-11-13
新钢股份,197884703.0,888502316.47,6.2,6.205767069310563,8811175.0,10.036632564323874,600782.SH,2020-11-13
鲁信创投,184456.0,2986342.64,0.02,0.0247805060656635,0.0,0.08143845631581749,600783.SH,2020-11-13
鲁银投资,17188.0,87143.16,0.0,0.0030251091486590627,0.0,0.003966315614659063,600784.SH,2020-11-13
新华百货,401.0,5738.31,0.0,0.0001777235851341179,0.0,0.00029680687759416427,600785.SH,2020-11-13
中储股份,102493398.0,478644168.65999997,4.65,4.65921219521493,-271186.0,12.006592669521996,600787.SH,2020-11-13
轻纺城,669512.0,2135743.28,0.04,0.045675818236473625,0.0,0.07337694530906035,600790.SH,2020-11-13
保税科技,389954.0,1279049.1199999999,0.03,0.032170383705384935,0.0,0.05001754867479424,600794.SH,2020-11-13
国电电力,346188352.0,713148005.12,1.76,1.7617371145902108,-2815895.0,3.262330583609452,600795.SH,2020-11-13
浙大网新,15082.0,125482.24,0.0,0.001467795834352601,0.0,0.001737980878117178,600797.SH,2020-11-13
华新水泥,117512142.0,2895499178.88,8.62,8.628671726699416,-1737203.0,20.437368621081074,600801.SH,2020-11-13
福建水泥,838315.0,7066995.45,0.18,0.18293899116723594,-227500.0,0.26883572735501265,600802.SH,2020-11-13
新奥股份,76808809.0,1084540383.08,6.24,6.247890973641762,1144551.0,15.609975235724495,600803.SH,2020-11-13
鹏博士,14319858.0,111981289.56,0.99,0.9997402471751999,-280100.0,1.145295902367355,600804.SH,2020-11-13
悦达投资,527729.0,2158411.61,0.06,0.062065657769354556,0.0,0.09129804510123324,600805.SH,2020-11-13
济南高新,95133.0,399558.60000000003,0.01,0.012087772314322731,0.0,0.018655102073448133,600807.SH,2020-11-13
马钢股份,108391746.0,294825549.12,1.81,1.8162913067535518,4972500.0,4.706542425541403,600808.SH,2020-11-13
山西汾酒,24688545.0,6174605104.5,2.85,2.8513708428446516,-210661.0,9.18746352429007,600809.SH,2020-11-13
东方集团,42761683.0,158218227.1,1.15,1.151186072718105,-847546.0,1.6365606057080546,600811.SH,2020-11-13
杭州解百,627203.0,3782034.0900000003,0.08,0.08771741658373014,0.0,0.27637351493900547,600814.SH,2020-11-13
*ST安信,603058.0,880464.6799999999,0.01,0.011455636760715857,0.0,0.023183761784128547,600816.SH,2020-11-13
中路股份,408659.0,3714710.31,0.17,0.17173583345054594,0.0,0.3722622633324071,600818.SH,2020-11-13
隧道股份,49017229.0,279888377.59,1.55,1.559024518797039,-1705635.0,2.766996995295325,600820.SH,2020-11-13
世茂股份,85399567.0,508981419.32,2.27,2.276612539295528,-1612533.0,8.478965247569477,600823.SH,2020-11-13
益民集团,118051.0,476926.04,0.01,0.01119999694732699,0.0,0.018563505262297955,600824.SH,2020-11-13
新华传媒,888826.0,5012978.64,0.08,0.08506424876124265,0.0,0.17535655496792704,600825.SH,2020-11-13
兰生股份,3248087.0,32123580.430000003,0.77,0.7721731962431699,0.0,1.6241785666896058,600826.SH,2020-11-13
百联股份,1046394.0,15151785.120000001,0.06,0.06521824003082627,0.0,0.15953624110006334,600827.SH,2020-11-13
茂业商业,7768866.0,29754756.78,0.44,0.4487146051558639,-71447.0,3.320316476707439,600828.SH,2020-11-13
人民同泰,77530.0,536507.6,0.01,0.013369809373920143,0.0,0.053104833729642344,600829.SH,2020-11-13
香溢融通,370114.0,2083741.82,0.08,0.08146499431163196,0.0,0.11888915931946231,600830.SH,2020-11-13
广电网络,475901.0,3378897.0999999996,0.06,0.06698514397196248,0.0,0.09463757031699381,600831.SH,2020-11-13
第一医药,23600.0,261252.0,0.01,0.010578863438917669,0.0,0.01921642377581996,600833.SH,2020-11-13
上海机电,74820449.0,1699172396.79,9.27,9.277129582570113,68209.0,23.72008992123703,600835.SH,2020-11-13
海通证券,116314994.0,1620267866.42,1.43,1.4373839401847166,-8440965.0,1.496492025214043,600837.SH,2020-11-13
上海九百,290770.0,2038297.7,0.07,0.07253256913036459,0.0,0.09926560860459162,600838.SH,2020-11-13
四川长虹,1583827.0,4498068.68,0.03,0.03432415310787866,0.0,0.04470742860125969,600839.SH,2020-11-13
宝信软件,19899637.0,1212086889.6699998,2.37,2.379286861155354,-428.0,7.745276620361083,600845.SH,2020-11-13
同济科技,5617130.0,46509836.4,0.89,0.899083867387248,-747706.0,1.1733897155663664,600846.SH,2020-11-13
上海临港,10318444.0,227418505.76,0.98,0.985847653768211,-907017.0,1.9652436381860336,600848.SH,2020-11-13
华东电脑,1602289.0,39256080.5,0.37,0.37537323103769765,101465.0,0.5972872586886807,600850.SH,2020-11-13
*ST中天,1762456.0,2537936.64,0.13,0.13119153365218272,0.0,0.15655469635522118,600856.SH,2020-11-13
银座股份,92332.0,739579.32,0.01,0.01784027661710987,0.0,0.03732080756727191,600858.SH,2020-11-13
王府井,12191687.0,487179812.52,2.14,2.1434910981818796,-3786180.0,3.5162424113606705,600859.SH,2020-11-13
*ST京城,927301.0,3801934.0999999996,0.28,0.28798167701863353,0.0,0.6658538371047967,600860.SH,2020-11-13
中航高科,335464.0,7665352.4,0.02,0.024081275980459747,0.0,0.049685752397517054,600862.SH,2020-11-13
内蒙华电,48394512.0,125825731.2,0.83,0.8331631307102129,-755754.0,1.933418624315578,600863.SH,2020-11-13
哈投股份,24747.0,160855.5,0.0,0.0011894333675361315,0.0,0.0029199772844716973,600864.SH,2020-11-13
通化东宝,112553700.0,1642158483.0,5.53,5.533644809657496,-1085726.0,9.019437225107328,600867.SH,2020-11-13
智慧能源,1059278.0,4290075.899999999,0.04,0.047729140935760014,0.0,0.10752088283800668,600869.SH,2020-11-13
石化油服,13718495.0,25104845.85,0.11,0.11391581151122489,111150.0,0.7692614020129461,600871.SH,2020-11-13
中炬高新,86236114.0,5381133513.599999,10.82,10.82501729137191,992319.0,16.820295476354318,600872.SH,2020-11-13
梅花生物,663811.0,3411988.5399999996,0.02,0.021503407785972067,0.0,0.03070946448128569,600873.SH,2020-11-13
创业环保,10145505.0,71322900.15,0.93,0.933153026544753,649795.0,2.7297574252459573,600874.SH,2020-11-13
东方电气,36659592.0,375394222.08,1.83,1.8358247906337208,-166900.0,3.583945604446363,600875.SH,2020-11-13
洛阳玻璃,3336636.0,55021127.63999999,1.19,1.1975572120719542,330500.0,3.189841625584491,600876.SH,2020-11-13
航天电子,24873824.0,163421023.68,0.91,0.9147238874751417,1539534.0,1.2778497676028246,600879.SH,2020-11-13
博瑞传播,441525.0,1668964.5,0.04,0.04039458471491878,0.0,0.06209170144610571,600880.SH,2020-11-13
亚泰集团,4564254.0,14468685.18,0.14,0.1404855462102244,-800.0,0.1604813730527911,600881.SH,2020-11-13
杉杉股份,4460370.0,57850998.900000006,0.27,0.2739769480753969,-3190.0,0.45567928299112004,600884.SH,2020-11-13
宏发股份,102972111.0,5105357263.38,13.82,13.826185135829892,-248367.0,22.061525704973793,600885.SH,2020-11-13
国投电力,172995649.0,1603669666.23,2.48,2.4893167539998196,201217.0,6.481316627662497,600886.SH,2020-11-13
伊利股份,793165880.0,30394116521.6,13.37,13.374943840588477,-2616571.0,14.71086474573874,600887.SH,2020-11-13
新疆众和,659470.0,4253581.5,0.07,0.07103909902838663,0.0,0.10730382863402677,600888.SH,2020-11-13
*ST秋林,6194.0,7370.86,0.0,0.0016120047204307684,0.0,0.0020009904288822225,600891.SH,2020-11-13
航发动力,38266485.0,1467137034.9,1.81,1.8151781957312354,298190.0,3.685199864241986,600893.SH,2020-11-13
广日股份,51304.0,425310.16,0.0,0.00596594979274854,0.0,0.013732886670819617,600894.SH,2020-11-13
张江高科,16082500.0,294148925.0,1.03,1.0384586116694596,-3397898.0,2.1087573318899504,600895.SH,2020-11-13
厦门空港,2552640.0,45462518.4,0.85,0.8571371008361035,25200.0,2.678249921309411,600897.SH,2020-11-13
长江电力,1247414850.0,25397366346.0,5.48,5.485104966063938,4198527.0,13.673281049725922,600900.SH,2020-11-13
江苏租赁,567006.0,3141213.24,0.03,0.03165350089609052,-300.0,0.0659750150444714,600901.SH,2020-11-13
贵州燃气,3002833.0,35403401.07,0.26,0.26382643671871114,28947.0,1.3488083085247504,600903.SH,2020-11-13
华安证券,30617711.0,246166396.43999997,0.84,0.845550473787352,339100.0,1.5276499072947296,600909.SH,2020-11-13
重庆燃气,5059449.0,37237544.64,0.32,0.32515739074550126,0.0,2.9487405291992075,600917.SH,2020-11-13
江苏银行,278658386.0,1666377148.2800002,2.43,2.437898343914865,-7327923.0,3.1165563266264202,600919.SH,2020-11-13
杭州银行,95298862.0,1218872444.98,1.89,1.8903402445528894,-1909163.0,3.390629754343201,600926.SH,2020-11-13
西安银行,7707458.0,39770483.28,0.66,0.666945481827825,-1554452.0,0.666945481827825,600928.SH,2020-11-13
爱柯迪,7255432.0,106654850.39999999,2.66,2.6467054336983313,109336.0,4.054464619009194,600933.SH,2020-11-13
新天绿能,311821.0,2647360.29,0.23,0.23140705009276438,-59100.0,0.23140705009276435,600956.SH,2020-11-13
东方证券,98764569.0,1117027275.39,1.73,1.7396212254647474,2991867.0,2.3857108946017003,600958.SH,2020-11-13
江苏有线,1850695.0,6643995.05,0.04,0.040879090384552716,0.0,0.10768392621680627,600959.SH,2020-11-13
岳阳林纸,627550.0,2591781.5,0.03,0.03476629008149588,0.0,0.060420996830082764,600963.SH,2020-11-13
福成股份,2737866.0,15332049.6,0.33,0.3344158796052705,0.0,0.8877243041849501,600965.SH,2020-11-13
内蒙一机,10877494.0,110841663.86,0.64,0.6437789517549077,-308500.0,1.5143189330031774,600967.SH,2020-11-13
海油发展,23868103.0,57760809.26,1.27,1.2797195466503797,-327495.0,1.27971954665038,600968.SH,2020-11-13
中材国际,45963681.0,320366856.57,2.64,2.6460703001949017,873550.0,4.416783502503031,600970.SH,2020-11-13
恒源煤电,23649879.0,121323879.27,1.97,1.9708152287820189,-652381.0,4.375831082582725,600971.SH,2020-11-13
宝胜股份,13172080.0,60459847.199999996,1.07,1.0778123795290446,-441300.0,1.9332715277283408,600973.SH,2020-11-13
新五丰,5441231.0,43475435.69,0.83,0.8336807953888467,-161807.0,1.3586853268676207,600975.SH,2020-11-13
健民集团,71600.0,2076400.0,0.04,0.046706232150848084,0.0,0.0652393285633908,600976.SH,2020-11-13
中国电影,16217835.0,207912644.70000002,0.86,0.8686574718800214,-177163.0,2.661639457261608,600977.SH,2020-11-13
*ST宜生,3347553.0,3682308.3000000003,0.22,0.22574824434846416,0.0,0.3221613017708179,600978.SH,2020-11-13
广安爱众,37062.0,118598.40000000001,0.0,0.0030076450031693396,0.0,0.0051389784032623105,600979.SH,2020-11-13
汇鸿集团,4683.0,15126.09,0.0,0.0006407588458711872,0.0,0.0008729405079300251,600981.SH,2020-11-13
惠而浦,4500.0,28845.0,0.0,0.0008445945945945946,0.0,0.0022877431871007885,600983.SH,2020-11-13
建设机械,21335058.0,362695986.0,2.48,2.483548592794578,-1593571.0,3.7068527294226947,600984.SH,2020-11-13
淮北矿业,16599066.0,178273968.84,2.55,2.55320917367008,58500.0,3.980531000292456,600985.SH,2020-11-13
科达股份,793078.0,4020905.4600000004,0.06,0.060473671943368,0.0,0.06938867205233883,600986.SH,2020-11-13
航民股份,11902105.0,67246893.25,1.29,1.292022520637495,-121191.0,2.556211375081074,600987.SH,2020-11-13
赤峰黄金,12731701.0,237191589.63,0.89,0.8925873642993473,-372100.0,1.2800188227910803,600988.SH,2020-11-13
宝丰能源,24679921.0,269751536.53,1.23,1.2375416067032048,570081.0,1.2582509528654588,600989.SH,2020-11-13
四创电子,981297.0,37887877.17,0.69,0.6962957929768977,41278.0,1.1673313385741233,600990.SH,2020-11-13
马应龙,9540734.0,194058529.56,2.21,2.2171922941642204,-273467.0,3.4273557356617363,600993.SH,2020-11-13
文山电力,160211.0,1238431.03,0.03,0.0334800754984469,0.0,0.04828433603349413,600995.SH,2020-11-13
贵广网络,12394509.0,77837516.52,1.17,1.1785213284621647,493426.0,3.5322416396244254,600996.SH,2020-11-13
开滦股份,161808.0,859200.48,0.01,0.01019070507520787,0.0,0.032208458827315274,600997.SH,2020-11-13
九州通,48968248.0,902484810.64,2.89,2.8965229308788976,811743.0,6.577059943834411,600998.SH,2020-11-13
招商证券,104895643.0,2229032413.75,1.41,1.4133059618769832,-1684006.0,3.477583016994735,600999.SH,2020-11-13
唐山港,155808047.0,397310519.84999996,2.62,2.6292596004599793,-285297.0,5.593245604274619,601000.SH,2020-11-13
大同煤业,14758055.0,75266080.5,0.88,0.8817622632490888,208300.0,2.072564070935006,601001.SH,2020-11-13
晋亿实业,1055870.0,5342702.199999999,0.12,0.12429109743222766,0.0,0.20236754212374003,601002.SH,2020-11-13
柳钢股份,38260711.0,188242698.12,1.49,1.4929300967397603,1324409.0,8.5334787789363,601003.SH,2020-11-13
重庆钢铁,53574003.0,81968224.59,0.63,0.6392716710173109,-9293088.0,0.8526149232327992,601005.SH,2020-11-13
大秦铁路,582765916.0,3758840158.2000003,3.91,3.9199171949965974,-4268725.0,10.37877304434641,601006.SH,2020-11-13
南京银行,165819942.0,1321584937.74,1.95,1.954914846296333,701876.0,3.308338110585278,601009.SH,2020-11-13
文峰股份,1137119.0,3513697.71,0.06,0.06153241341991342,0.0,0.12947179862652494,601010.SH,2020-11-13
隆基股份,234056069.0,15578771952.640001,6.21,6.212421410563889,4288068.0,8.89659591214264,601012.SH,2020-11-13
陕西黑猫,46971.0,162049.95,0.0,0.002882028677822979,0.0,0.008559840784300757,601015.SH,2020-11-13
节能风电,26005904.0,71516236.0,0.62,0.6258098547488185,-782600.0,1.1510785813433047,601016.SH,2020-11-13
宁波港,56861809.0,218349346.56,0.43,0.4316591964354942,342670.0,1.8223846496092901,601018.SH,2020-11-13
山东出版,18103787.0,110976214.31,4.24,4.240755914734129,-172020.0,4.240755914734129,601019.SH,2020-11-13
华钰矿业,4696.0,53111.76,0.0,0.000848003629079926,0.0,0.0017104842639563658,601020.SH,2020-11-13
春秋航空,37333652.0,1760281691.8,4.07,4.073668406845484,-329119.0,10.979914216348654,601021.SH,2020-11-13
一拖股份,2524796.0,27697012.12,0.42,0.4251142428987557,-28700.0,1.3780176645246702,601038.SH,2020-11-13
赛轮轮胎,36731920.0,216718328.0,1.76,1.767979018469559,-324000.0,2.3692761395019772,601058.SH,2020-11-13
中信建投,33401025.0,1437246105.75,2.54,2.5400019011406845,-523281.0,3.583221452643777,601066.SH,2020-11-13
中铝国际,10431853.0,39641041.4,3.52,3.5253862664743543,-341939.0,9.619154669832525,601068.SH,2020-11-13
西部黄金,2947212.0,41496744.96,0.46,0.46339811320754715,46100.0,1.3962061133681776,601069.SH,2020-11-13
渝农商行,37045236.0,163739943.12,0.63,0.6306146327621216,2000950.0,0.6306146327621216,601077.SH,2020-11-13
中国神华,93504397.0,1634456859.56,0.56,0.5670012843045451,2706347.0,3.4911471075310216,601088.SH,2020-11-13
中南传媒,160542125.0,1655189308.75,8.93,8.93887110244989,195747.0,25.317448755317084,601098.SH,2020-11-13
太平洋,66861821.0,251400446.95999998,0.98,0.9809084169606992,-1079463.0,1.101099763097987,601099.SH,2020-11-13
恒立液压,136380384.0,12587909443.199999,10.44,10.447722007722009,1528081.0,35.69684670994256,601100.SH,2020-11-13
昊华能源,19771.0,76711.48,0.0,0.0016475857058567496,0.0,0.00449014027899085,601101.SH,2020-11-13
中国一重,899535.0,2644632.9,0.01,0.013116994363563355,0.0,0.03631229155913169,601106.SH,2020-11-13
四川成渝,10236432.0,34292047.2,0.47,0.4733084883065001,-96201.0,2.21406212637521,601107.SH,2020-11-13
财通证券,43021254.0,551102263.74,1.19,1.198697520200613,-1161832.0,1.769345724535704,601108.SH,2020-11-13
中国国航,132388870.0,986297081.5,1.32,1.3289210821415411,8049683.0,4.944657748336759,601111.SH,2020-11-13
三江购物,112289.0,1380031.8099999998,0.02,0.027336967582922145,0.0,0.06376725341504821,601116.SH,2020-11-13
中国化学,311970075.0,1790708230.5,6.32,6.324145043584026,1684034.0,10.565334773494083,601117.SH,2020-11-13
海南橡胶,2519703.0,12850485.299999999,0.05,0.05887943714733038,0.0,0.16518139149987668,601118.SH,2020-11-13
四方股份,617857.0,4640106.07,0.07,0.07838959717975326,0.0,0.15051769632231782,601126.SH,2020-11-13
小康股份,130205.0,1278613.1,0.01,0.013949723157857901,0.0,0.04257840873402539,601127.SH,2020-11-13
常熟银行,93076343.0,653395927.86,3.57,3.573893599520506,-1295868.0,3.94818997340787,601128.SH,2020-11-13
工业富联,263831717.0,3785985138.95,14.09,14.09420798453968,2645415.0,14.09420798453968,601138.SH,2020-11-13
深圳燃气,23966700.0,187179927.0,0.83,0.833122882035261,164920.0,5.00087700584976,601139.SH,2020-11-13
新城控股,58738450.0,2015903604.0,2.61,2.6158431990966617,-583007.0,8.049801425728441,601155.SH,2020-11-13
重庆水务,7766955.0,41087191.95,0.16,0.1618115625,-157079.0,1.414644606385935,601158.SH,2020-11-13
天风证券,50150280.0,297391160.4,1.3,1.3065140579093473,-1276556.0,1.5038769595112376,601162.SH,2020-11-13
三角轮胎,88199.0,1551420.41,0.01,0.011024875,0.0,0.03571018585042503,601163.SH,2020-11-13
兴业银行,533472403.0,9479804601.31,2.71,2.719681819067069,-19660489.0,3.5356129662623643,601166.SH,2020-11-13
西部矿业,3585985.0,42529782.1,0.15,0.1504819555182543,0.0,0.2149495454302206,601168.SH,2020-11-13
北京银行,391430653.0,1847552682.1599998,2.14,2.14505929889129,-10478302.0,2.961015109012161,601169.SH,2020-11-13
中国西电,3728910.0,16332625.799999999,0.07,0.0727466949869629,0.0,0.21360857533023692,601179.SH,2020-11-13
中国铁建,172335915.0,1440728249.3999999,1.49,1.49815036982389,-4389084.0,3.7788746475664707,601186.SH,2020-11-13
东兴证券,38911789.0,489121187.73,1.41,1.410889923365575,-497902.0,2.9854977776737694,601198.SH,2020-11-13
江南水务,251037.0,1019210.2199999999,0.02,0.026842839749244334,0.0,0.06527010273767986,601199.SH,2020-11-13
上海环境,10791649.0,122916882.11,0.96,0.9619438268163191,-86747.0,1.9859045655034955,601200.SH,2020-11-13
东材科技,124050.0,1293841.5,0.02,0.020222323293084307,0.0,0.027235326047623448,601208.SH,2020-11-13
国泰君安,142217678.0,2567029087.9,1.91,1.9121393708534182,-6010286.0,3.350229480131836,601211.SH,2020-11-13
白银有色,237616.0,677205.6,0.0,0.0032089565947891426,0.0,0.011416777198268592,601212.SH,2020-11-13
君正集团,165487749.0,974722841.6099999,1.96,1.9612160220968686,17494352.0,5.448674772508972,601216.SH,2020-11-13
吉鑫科技,726071.0,2512205.66,0.07,0.07428900302856675,0.0,0.11796913180343263,601218.SH,2020-11-13
林洋能源,8247601.0,62846719.62,0.47,0.47159301609069443,-100.0,0.8647213410863056,601222.SH,2020-11-13
陕西煤业,245409548.0,2439370907.12,2.45,2.45409548,-424222.0,6.657566754566278,601225.SH,2020-11-13
华电重工,615374.0,2412266.08,0.05,0.0532791341991342,0.0,0.14449481412640608,601226.SH,2020-11-13
广州港,968209.0,3253182.2399999998,0.01,0.015633471011661213,0.0,0.09558849115707754,601228.SH,2020-11-13
上海银行,302544717.0,2359848792.6,2.22,2.225224534235687,-3470564.0,3.513559902912379,601229.SH,2020-11-13
环旭电子,80906087.0,1796115131.3999999,3.7,3.706844652930904,-131425.0,16.828587304909778,601231.SH,2020-11-13
桐昆股份,58068247.0,1089360313.72,3.13,3.1382779711749595,-1540027.0,5.511631489542722,601233.SH,2020-11-13
红塔证券,5059649.0,89758173.25999999,0.34,0.3430456290358596,-88450.0,0.9135057985824079,601236.SH,2020-11-13
广汽集团,48404571.0,607477366.0500001,0.79,0.7955307669211135,-1120165.0,8.268307456860306,601238.SH,2020-11-13
ST庞大,611832.0,642423.6,0.0,0.005982385210184877,0.0,0.007567416525867763,601258.SH,2020-11-13
农业银行,1443639486.0,4590773565.4800005,0.49,0.4909415051957214,-14426024.0,2.863663208862821,601288.SH,2020-11-13
青岛港,11664427.0,71502937.51,0.62,0.6238008423997912,906800.0,1.7609978320470547,601298.SH,2020-11-13
骆驼股份,12017763.0,98545656.6,1.07,1.0713852740703,-1666.0,1.9477879235016797,601311.SH,2020-11-13
中国平安,740680238.0,59506250320.920006,6.83,6.837470486940211,-12164401.0,7.504400564365595,601318.SH,2020-11-13
中国人保,53227753.0,345980394.5,0.95,0.9502296914319932,-2879952.0,2.7389331511641033,601319.SH,2020-11-13
秦港股份,12868161.0,34615353.089999996,0.27,0.2704782221302983,-205900.0,1.1660427161174665,601326.SH,2020-11-13
交通银行,631687291.0,2874177174.0499997,1.6,1.6093589449613035,-19821695.0,2.4228162053200153,601328.SH,2020-11-13
绿色动力,1295690.0,12581149.9,0.5,0.5068206570538327,-39000.0,0.5068206570538327,601330.SH,2020-11-13
广深铁路,104381049.0,244251654.66,1.84,1.8467210239061103,-1764089.0,3.453140889213549,601333.SH,2020-11-13
新华保险,30291484.0,1738125351.92,1.45,1.452522901001762,144451.0,4.31197327846335,601336.SH,2020-11-13
百隆东方,13486915.0,52868706.8,0.89,0.8991276666666667,0.0,3.4948050549850547,601339.SH,2020-11-13
三六零,42604315.0,643751199.65,2.38,2.3811512638607994,155692.0,2.703402580163703,601360.SH,2020-11-13
绿城水务,2502.0,14186.34,0.0,0.00029083385934798204,0.0,0.0007461159075615233,601368.SH,2020-11-13
陕鼓动力,1985712.0,13899984.0,0.12,0.12117086093056952,0.0,0.34506294063269427,601369.SH,2020-11-13
中原证券,19708360.0,103468890.0,0.73,0.7371177762758258,1137200.0,1.4454760075821182,601375.SH,2020-11-13
兴业证券,142499976.0,1236899791.68,2.12,2.1279223909581804,5778323.0,3.0228607497406514,601377.SH,2020-11-13
怡球资源,380.0,1045.0,0.0,1.876172607879925e-05,0.0,3.1191375092291584e-05,601388.SH,2020-11-13
中国中铁,313763908.0,1719426215.8400002,1.54,1.5408122509525546,-3291359.0,3.513920632030764,601390.SH,2020-11-13
工商银行,1141147127.0,5660089749.92,0.42,0.42325498398368383,-17013746.0,3.3666495836293353,601398.SH,2020-11-13
国联证券,7364187.0,123718341.60000001,1.54,1.5480119566382675,388700.0,1.5480119566382675,601456.SH,2020-11-13
中新集团,794725.0,8400243.25,0.53,0.5302054840216158,-15000.0,0.5302054840216158,601512.SH,2020-11-13
东风股份,8029236.0,48737462.52,0.6,0.6017086610334367,0.0,2.142089324564263,601515.SH,2020-11-13
大智慧,10595537.0,104895816.3,0.53,0.5330551391054988,-185400.0,1.2642587602794317,601519.SH,2020-11-13
东吴证券,52788268.0,519436557.12,1.36,1.3603404403254618,-3261547.0,1.878392215120204,601555.SH,2020-11-13
九牧王,294.0,3345.7200000000003,0.0,5.1162720683826306e-05,0.0,0.00017565975923499813,601566.SH,2020-11-13
三星医疗,14082334.0,99421278.03999999,1.01,1.0156244270367398,-124800.0,2.2723423015790147,601567.SH,2020-11-13
长沙银行,15437949.0,135853951.20000002,1.55,1.5510340193641017,-586900.0,1.578817510437526,601577.SH,2020-11-13
北辰实业,28868320.0,70438700.8,1.08,1.0852751879699247,-169922.0,2.101501102967558,601588.SH,2020-11-13
上海电影,11543.0,137361.7,0.0,0.0025754127621597503,0.0,0.00836620946343026,601595.SH,2020-11-13
中国外运,118873711.0,538497910.83,8.79,8.79479406704801,425373.0,10.047619462347578,601598.SH,2020-11-13
中国铝业,178636481.0,591286752.11,1.36,1.3658573529645992,-3068628.0,2.29316529807757,601600.SH,2020-11-13
中国太保,129483005.0,4114969898.9,1.89,1.8916321522847521,-6354474.0,4.139876001857395,601601.SH,2020-11-13
上海医药,55936697.0,1136074316.07,2.9,2.9089228952821538,-84647.0,5.683946798201464,601607.SH,2020-11-13
中信重工,2302458.0,8450020.86,0.05,0.05305912714436558,0.0,0.1621338200996043,601608.SH,2020-11-13
中国核建,150425.0,1093589.75,0.0,0.0057304320912538375,0.0,0.021670381969679787,601611.SH,2020-11-13
明阳智能,23839223.0,376421331.16999996,2.57,2.4265531332037553,-542398.0,3.6072490922861493,601615.SH,2020-11-13
中国中冶,226301043.0,595171743.09,1.26,1.267606959209,530305.0,3.5173208610591193,601618.SH,2020-11-13
嘉泽新能,10542397.0,32470582.76,0.54,0.5453904293843767,83438.0,1.8777607170568618,601619.SH,2020-11-13
中国人寿,46780272.0,1903957070.4,0.22,0.22465101738273963,1432972.0,3.1186848,601628.SH,2020-11-13
长城汽车,18393110.0,476381549.0,0.3,0.3051416213303551,-2151297.0,2.0151775609189584,601633.SH,2020-11-13
旗滨集团,62988860.0,773503200.8,2.34,2.3475200199116832,-2558386.0,3.9379465888632037,601636.SH,2020-11-13
邮储银行,157527848.0,738805607.12,4.06,4.060913765254994,-2355875.0,5.1868736465906276,601658.SH,2020-11-13
平煤股份,30556141.0,169281021.14000002,1.31,1.312715656430696,-1897576.0,3.0610296890309816,601666.SH,2020-11-13
中国建筑,1369985758.0,7192425229.5,3.32,3.320887543278546,-26886654.0,7.7738920706672,601668.SH,2020-11-13
中国电建,172542193.0,667738286.91,1.54,1.5482409924005662,-3733422.0,2.7072954314773496,601669.SH,2020-11-13
滨化股份,19598619.0,114063962.58,1.26,1.2690118492618492,249649.0,1.570288253392734,601678.SH,2020-11-13
华泰证券,277151909.0,5168883102.849999,3.76,3.766877055981722,-3768959.0,5.374322738073985,601688.SH,2020-11-13
拓普集团,24358754.0,906876411.42,2.3,2.3089134469181403,-1099925.0,6.879110431074817,601689.SH,2020-11-13
中国卫通,5936850.0,104547928.5,1.45,1.45640410927013,317675.0,1.4564041092701303,601698.SH,2020-11-13
潞安环能,33904885.0,204446456.55,1.13,1.1334084618045568,-588999.0,3.0797086678913823,601699.SH,2020-11-13
风范股份,885017.0,3982576.5,0.07,0.07809671805949708,0.0,0.17300379447700392,601700.SH,2020-11-13
郑煤机,41736694.0,507100832.1,2.8,2.8025552169101444,-1745640.0,4.310976724593644,601717.SH,2020-11-13
际华集团,731495.0,2340784.0,0.01,0.01665657396623078,0.0,0.03697154126206311,601718.SH,2020-11-13
上海电气,98872025.0,508202208.49999994,0.88,0.8844718374823779,-554254.0,2.7654107042059657,601727.SH,2020-11-13
中国中车,294159728.0,1620820101.28,1.2,1.2091506490624744,-5127319.0,2.9718266936987368,601766.SH,2020-11-13
*ST力帆,91450.0,482856.0,0.0,0.00711215826691002,0.0,0.013704817089449237,601777.SH,2020-11-13
光大证券,54907275.0,1011392005.5000001,1.4,1.4054647481876195,-466724.0,3.072980920442986,601788.SH,2020-11-13
宁波建工,1558064.0,6621772.0,0.15,0.15962462093271043,15800.0,0.26793624019143,601789.SH,2020-11-13
蓝科高新,18042.0,149207.34,0.0,0.005089016924966855,0.0,0.015198963761237574,601798.SH,2020-11-13
星宇股份,13300073.0,2660014600.0,4.81,4.816158254064874,-119992.0,10.987836160365514,601799.SH,2020-11-13
中国交建,56798135.0,431665826.0,0.48,0.4835021428031013,-164615.0,1.149096063407686,601800.SH,2020-11-13
皖新传媒,14338146.0,73267926.06,0.72,0.7207979014580438,-485080.0,1.8582455557771569,601801.SH,2020-11-13
中海油服,5980037.0,67873419.95,0.2,0.20199633976790157,113790.0,1.088029799459882,601808.SH,2020-11-13
新华文轩,7304710.0,73923665.19999999,0.92,0.9224237940992588,58184.0,3.668968548207351,601811.SH,2020-11-13
京沪高铁,136792549.0,783821305.7700001,4.25,4.258982944881703,1596940.0,4.258982944881703,601816.SH,2020-11-13
光大银行,603980646.0,2415922584.0,1.51,1.4605430057071296,-11379433.0,2.089912024485828,601818.SH,2020-11-13
美凯龙,9415608.0,87941778.72,2.16,2.1626828933621307,-47322.0,2.266162204761478,601828.SH,2020-11-13
成都银行,70862719.0,693037391.8199999,3.73,3.739783552462238,3401671.0,4.427079221598923,601838.SH,2020-11-13
中国石油,433747022.0,1813062551.9599998,0.26,0.2678739229665336,-1994805.0,2.8840063725250835,601857.SH,2020-11-13
中国科传,3206939.0,32550430.85,0.4,0.40568488298545224,103400.0,1.5847407485799474,601858.SH,2020-11-13
紫金银行,11578070.0,45849157.2,0.66,0.6653940219923429,-462317.0,0.6653940219923429,601860.SH,2020-11-13
福莱特,20471827.0,789803085.66,6.0,6.003820458677929,132876.0,6.003820458677929,601865.SH,2020-11-13
中远海发,107745314.0,294144707.21999997,1.35,1.3583411002726256,17105862.0,3.0596420620132823,601866.SH,2020-11-13
长飞光纤,3351525.0,93909730.5,3.14,3.1448011799555067,40930.0,3.1448011799555067,601869.SH,2020-11-13
招商轮船,126005293.0,718230170.1,2.37,2.377701461865994,409657.0,6.8909745330079915,601872.SH,2020-11-13
正泰电器,158813170.0,4970852221.0,7.38,7.386749940534502,-159564.0,16.05214763103124,601877.SH,2020-11-13
浙商证券,28516853.0,435452345.31,0.78,0.7890564958326355,13731.0,1.9148860041508124,601878.SH,2020-11-13
大连港,33422427.0,67513302.54,0.43,0.43204763037402627,-3251212.0,1.417252310933901,601880.SH,2020-11-13
中国银河,64270810.0,789888254.9,0.99,0.9970226019510181,-531535.0,5.101927883669826,601881.SH,2020-11-13
江河集团,670984.0,4025904.0,0.05,0.05814167497075517,0.0,0.17075151089298213,601886.SH,2020-11-13
中国中免,197701437.0,38057526622.5,10.12,10.125680580611668,51891.0,21.681762850804237,601888.SH,2020-11-13
亚星锚链,18116.0,101087.28,0.0,0.0018882634980195957,0.0,0.0030190230834261653,601890.SH,2020-11-13
中煤能源,36901460.0,152772044.39999998,0.4,0.4032064946151008,204221.0,2.3856757149926002,601898.SH,2020-11-13
紫金矿业,469857243.0,3589709336.52,2.39,2.392309515791225,-46492.0,3.4658412405275536,601899.SH,2020-11-13
方正证券,1469458431.0,13225125879.0,17.85,17.850344164765964,-1203153.0,36.11107813702744,601901.SH,2020-11-13
京运通,1299531.0,7342350.15,0.06,0.06520418756682182,0.0,0.1471690814619168,601908.SH,2020-11-13
浙商银行,48831232.0,196301552.64,1.91,1.914950274509804,1606260.0,1.9149502745098037,601916.SH,2020-11-13
新集能源,155667.0,403177.52999999997,0.0,0.006009051851624243,0.0,0.01094212941144487,601918.SH,2020-11-13
中远海控,170716708.0,1328175988.24,1.97,1.9719389724608551,-4691646.0,4.164119578230909,601919.SH,2020-11-13
凤凰传媒,2386844.0,16302144.52,0.09,0.09378930409839287,0.0,0.17395303973404969,601928.SH,2020-11-13
吉视传媒,1386977.0,2898781.9299999997,0.04,0.04458143793575625,0.0,0.06816842680913977,601929.SH,2020-11-13
永辉超市,405598255.0,3200170231.95,4.28,4.283771496152904,-4539470.0,10.799659289200129,601933.SH,2020-11-13
建设银行,495524545.0,3171357088.0,5.16,5.16512643405256,-10391820.0,5.567018576899373,601939.SH,2020-11-13
中国出版,10342797.0,55747675.83,0.56,0.5675060082304527,140400.0,2.369250983721183,601949.SH,2020-11-13
苏垦农发,10647218.0,127660143.82000001,0.77,0.7726573294629898,955369.0,2.402873419387044,601952.SH,2020-11-13
金钼股份,43092910.0,261143034.6,1.33,1.3355498430486241,348139.0,5.338868515806568,601958.SH,2020-11-13
中国汽研,14990.0,216305.69999999998,0.0,0.0015540550949148376,0.0,0.004544364562155067,601965.SH,2020-11-13
玲珑轮胎,34296127.0,1167097201.81,2.64,2.643937951465034,-48031.0,7.051042872846401,601966.SH,2020-11-13
宝钢包装,35285.0,263226.1,0.0,0.004234200169368007,0.0,0.01055910340299389,601968.SH,2020-11-13
海南矿业,173368.0,962192.4,0.0,0.008869197232888633,0.0,0.05909185289449836,601969.SH,2020-11-13
中国核电,202472765.0,925300536.0500001,1.3,1.3007821624690985,-1516438.0,4.26518014703987,601985.SH,2020-11-13
中国银行,832693871.0,2681274264.6200004,0.39,0.39508069980443633,1378481.0,4.063119101912534,601988.SH,2020-11-13
中国重工,262837000.0,1109172140.0,1.43,1.4375319120078005,2844033.0,3.0982808211704747,601989.SH,2020-11-13
南京证券,25013543.0,313919964.65000004,1.21,1.2136673514363392,-195244.0,1.7074953064285054,601990.SH,2020-11-13
大唐发电,26172868.0,58365495.64,0.26,0.26187637827734844,2500.0,1.278792417521571,601991.SH,2020-11-13
金隅集团,113233552.0,344229998.08,1.35,1.35866812715953,-976950.0,3.2015813686116523,601992.SH,2020-11-13
丰林集团,6953256.0,20512105.200000003,0.64,0.6436168435352212,0.0,1.1189753890802774,601996.SH,2020-11-13
贵阳银行,9714602.0,75773895.6,0.31,0.31378014057145853,-20900.0,0.428403002626663,601997.SH,2020-11-13
中信银行,115378957.0,583817522.42,0.36,0.3616305529095545,-4448079.0,3.8896940568813445,601998.SH,2020-11-13
人民网,3189237.0,53260257.9,0.28,0.2884383465610669,150102.0,0.6639194711580121,603000.SH,2020-11-13
奥康国际,34.0,258.06,0.0,8.479225896553445e-06,0.0,2.0083608890784466e-05,603001.SH,2020-11-13
晶方科技,48140.0,3416977.2,0.01,0.014971175495742223,0.0,0.02469399984330031,603005.SH,2020-11-13
花王股份,41565.0,274744.65,0.01,0.012467941507311587,0.0,0.026920572168215202,603007.SH,2020-11-13
喜临门,2861162.0,45034689.88,0.73,0.7385210736336171,-61400.0,1.0763929438397954,603008.SH,2020-11-13
创力集团,822861.0,5965742.25,0.12,0.1292668405177831,-288557.0,0.1653557002846994,603012.SH,2020-11-13
亚普股份,223.0,3746.4,0.0,0.0003716666666666667,0.0,0.00037166666666666663,603013.SH,2020-11-13
华设集团,9753486.0,116456622.83999999,1.75,1.7504960258855327,-465940.0,1.7504960258855329,603018.SH,2020-11-13
中科曙光,22068786.0,799552116.78,1.69,1.6949249794422208,492155.0,2.2569934628974964,603019.SH,2020-11-13
大豪科技,6992072.0,54747923.76,0.76,0.7613902426257839,-441020.0,4.358471052878636,603025.SH,2020-11-13
千禾味业,4028636.0,148052373.0,0.61,0.6106104468144986,-36148.0,1.2377408686157736,603027.SH,2020-11-13
泛微网络,2091194.0,205062483.64000002,0.99,0.9998297100375076,-6923.0,2.7240735374827705,603039.SH,2020-11-13
广州酒家,7354128.0,283648716.96,1.82,1.8203459070296566,138100.0,5.63503519161514,603043.SH,2020-11-13
成都燃气,111046.0,1615719.3,0.12,0.12492518843514457,32500.0,0.12492518843514457,603053.SH,2020-11-13
德邦股份,20660529.0,284082273.75,9.49,9.49216102418622,-11100.0,9.49216102418622,603056.SH,2020-11-13
国检集团,2900074.0,56609444.48,0.67,0.6725589053803339,-129044.0,2.1215956546849974,603060.SH,2020-11-13
博通集成,779172.0,55336795.44,0.82,0.8275556097366223,24700.0,1.0187374008922927,603068.SH,2020-11-13
和邦生物,146779076.0,221636404.76,1.66,1.6620418650875532,-7044969.0,2.809278378361466,603077.SH,2020-11-13
新疆火炬,20716.0,285259.32,0.02,0.023747349114460938,0.0,0.02426471449487555,603080.SH,2020-11-13
森特股份,697828.0,6685192.24,0.14,0.14537581150764456,-1300.0,0.6205310474448801,603098.SH,2020-11-13
横店影视,3272598.0,55470536.099999994,0.51,0.5160198675496689,499063.0,4.410509433962264,603103.SH,2020-11-13
恒银科技,1577.0,12253.289999999999,0.0,0.00039385614385614384,0.0,0.00092284284752904,603106.SH,2020-11-13
润达医疗,1521863.0,21153895.7,0.26,0.26260112306527533,-18500.0,0.46669215264178393,603108.SH,2020-11-13
康尼机电,24621.0,154373.66999999998,0.0,0.0029451547025613253,0.0,0.0035361604505982722,603111.SH,2020-11-13
金能科技,8451771.0,114606014.76,1.25,1.2503521352269573,-231530.0,2.5050296160052774,603113.SH,2020-11-13
红蜻蜓,117546.0,806365.56,0.02,0.02040017993727187,0.0,0.048963873354045576,603116.SH,2020-11-13
共进股份,3958355.0,46510671.25,0.51,0.5102726461159722,106393.0,0.9694513050675094,603118.SH,2020-11-13
华培动力,468431.0,6150499.03,0.39,0.39401324550548456,18200.0,0.3940132455054845,603121.SH,2020-11-13
中材节能,137578.0,731914.9600000001,0.02,0.022535298935298934,0.0,0.04731941912150699,603126.SH,2020-11-13
昭衍新药,5146540.0,530093620.0,2.27,2.2681961142790517,-79585.0,5.241397448255185,603127.SH,2020-11-13
华贸物流,15792318.0,116863153.2,1.2,1.2060148587431878,13968.0,2.2248400007086886,603128.SH,2020-11-13
养元饮品,894453.0,22942719.45,0.11,0.11656625998477665,-20350.0,0.17363686722473867,603156.SH,2020-11-13
*ST拉夏,393156.0,723407.04,0.26,0.26964872272507756,-101500.0,0.3453944117328467,603157.SH,2020-11-13
汇顶科技,9740140.0,1738420187.1999998,2.14,2.1488066152959693,-4593.0,4.648706277433953,603160.SH,2020-11-13
荣晟环保,334117.0,4376932.7,0.13,0.13343010790360327,0.0,0.32761989451921375,603165.SH,2020-11-13
渤海轮渡,40197.0,417646.83,0.0,0.00863138523052424,0.0,0.01422657413908876,603167.SH,2020-11-13
莎普爱思,161224.0,1296240.96,0.04,0.04997760347800276,0.0,0.09158840403911088,603168.SH,2020-11-13
兰石重装,492594.0,2098450.44,0.04,0.046846677760620035,0.0,0.1327521839415106,603169.SH,2020-11-13
金牌厨柜,682130.0,39638574.3,0.71,0.7151990969155326,-65521.0,2.502742861323434,603180.SH,2020-11-13
上机数控,650769.0,48020244.510000005,1.11,1.1180906335690577,144230.0,1.1180906335690575,603185.SH,2020-11-13
ST亚邦,99472.0,577932.32,0.01,0.017269444444444445,0.0,0.02566436525382623,603188.SH,2020-11-13
迎驾贡酒,1473666.0,48100458.24,0.18,0.18420825,-162826.0,0.7268957893872344,603198.SH,2020-11-13
日月股份,6900076.0,166567834.64000002,0.83,0.8393217214208887,51929.0,2.552571027022078,603218.SH,2020-11-13
中贝通信,1260453.0,18074896.02,0.67,0.6789580339270824,800.0,0.7469267012697339,603220.SH,2020-11-13
新凤鸣,4483533.0,50036228.28,0.37,0.37997069775006986,329308.0,1.4038799015839054,603225.SH,2020-11-13
景旺电子,3591474.0,115322230.14,0.42,0.4282619115560333,-75049.0,1.429988635181095,603228.SH,2020-11-13
大参林,6857805.0,680294256.0,1.04,1.0448545215363116,-199050.0,3.3792341614750523,603233.SH,2020-11-13
移远通信,5457003.0,1004306832.12,7.68,7.684188070294018,2532.0,8.350886840893383,603236.SH,2020-11-13
浙江仙通,73104.0,1179898.56,0.02,0.02700354609929078,0.0,0.08058201058201057,603239.SH,2020-11-13
电魂网络,66.0,2327.16,0.0,2.737830344120385e-05,0.0,7.522284768627058e-05,603258.SH,2020-11-13
药明康德,144125220.0,16963538394.0,10.19,10.198484285853375,722644.0,11.365643346971623,603259.SH,2020-11-13
合盛硅业,8569026.0,333335111.4,0.91,0.9135422174840085,-72279.0,5.703292843937316,603260.SH,2020-11-13
鸿远电子,519941.0,46794690.0,0.33,0.3300953735972307,-69752.0,0.3668988468443782,603267.SH,2020-11-13
景津环保,4346001.0,99001902.78,2.28,2.283635191810678,-96195.0,2.5777504916156375,603279.SH,2020-11-13
赛腾股份,969652.0,41685339.480000004,1.97,1.9777232922293124,49202.0,1.9777232922293126,603283.SH,2020-11-13
海天味业,205774800.0,33502195188.0,6.35,6.350205413012133,-608679.0,24.412616396419125,603288.SH,2020-11-13
杭叉集团,15775378.0,306042333.2,1.82,1.8208048853862704,-216097.0,5.175273505092702,603298.SH,2020-11-13
华铁应急,70.0,438.9,0.0,1.0641210669266373e-05,0.0,1.5095804867848016e-05,603300.SH,2020-11-13
旭升股份,2413507.0,91037484.03999999,0.58,0.5819847426348194,-85150.0,2.796424415329427,603305.SH,2020-11-13
华懋科技,316367.0,6982219.69,0.1,0.1030445257478033,0.0,0.1985920140257246,603306.SH,2020-11-13
应流股份,144014.0,3499540.2,0.03,0.033201742642617146,0.0,0.05309557675731118,603308.SH,2020-11-13
天味食品,11403422.0,718301551.78,9.1,9.107091616602677,-53186.0,9.107091616602677,603317.SH,2020-11-13
福蓉科技,212260.0,5278906.2,0.2,0.207142240241474,5199.0,0.30986861313868613,603327.SH,2020-11-13
依顿电子,6966079.0,58445402.81,0.69,0.6976944817111778,96571.0,1.906820122503126,603328.SH,2020-11-13
苏州龙杰,21367.0,777331.4600000001,0.07,0.07185807970405246,-5000.0,0.07185807970405246,603332.SH,2020-11-13
杰克股份,6293470.0,207118097.7,1.41,1.4158912917872153,-34984.0,3.802558522929507,603337.SH,2020-11-13
浙江鼎力,45498270.0,4583040737.1,9.37,9.371703860587033,392209.0,24.048297752629665,603338.SH,2020-11-13
四方科技,315130.0,3299411.1,0.1,0.10183841888526955,0.0,0.18264769890241966,603339.SH,2020-11-13
安井食品,2720553.0,468397610.01,1.18,1.1825064657676656,35703.0,2.2623535004961988,603345.SH,2020-11-13
威尔药业,1784.0,39961.6,0.0,0.0029899874137284304,0.0,0.00348275585863861,603351.SH,2020-11-13
莱克电气,7387869.0,270100490.64000005,1.84,1.8423613466334166,8112.0,10.564655529852251,603355.SH,2020-11-13
设计总院,3826914.0,38460485.7,0.84,0.8419261857771609,-250780.0,1.6388602461374167,603357.SH,2020-11-13
华达科技,6834.0,125745.59999999999,0.0,0.0021792091836734693,0.0,0.006959463538399008,603358.SH,2020-11-13
百傲化学,954815.0,17797751.6,0.36,0.36534461542229013,-66517.0,0.8495814871450054,603360.SH,2020-11-13
傲农生物,2468170.0,30802761.6,0.45,0.45204578754578756,165560.0,1.058923020839401,603363.SH,2020-11-13
日出东方,4200.0,21630.0,0.0,0.000525,0.0,0.00137179373060151,603366.SH,2020-11-13
辰欣药业,2664860.0,38960253.199999996,0.58,0.5878112640701617,-115100.0,1.5338842176031238,603367.SH,2020-11-13
柳药股份,2343607.0,59129204.61,0.65,0.6511245548154749,99022.0,0.9052191176252755,603368.SH,2020-11-13
今世缘,30284601.0,1545726035.04,2.41,2.4140774013551214,-1321026.0,4.367230368050164,603369.SH,2020-11-13
三美股份,932791.0,17751012.73,0.48,0.4831592338460577,82780.0,0.48315923384605775,603379.SH,2020-11-13
基蛋生物,1465778.0,52753350.220000006,0.56,0.5644064567296501,-152244.0,1.0288930461558816,603387.SH,2020-11-13
新天然气,812421.0,20464884.990000002,0.25,0.259062818877551,-38100.0,0.45340175631156143,603393.SH,2020-11-13
吉翔股份,800.0,4784.0,0.0,0.00015746461530452644,0.0,0.00028500774946758596,603399.SH,2020-11-13
鼎信通讯,857395.0,8668263.45,0.13,0.1314638875511024,16600.0,0.30091935646233914,603421.SH,2020-11-13
集友股份,1601307.0,56974503.059999995,0.42,0.4298038164452679,-132667.0,0.7580781016053797,603429.SH,2020-11-13
吉比特,4386836.0,1907659502.96,6.1,6.104311343929341,-56918.0,10.446078266553881,603444.SH,2020-11-13
风语筑,6723301.0,179915534.76000002,2.31,2.3171156286467176,1476488.0,7.457226297774357,603466.SH,2020-11-13
科沃斯,14435767.0,983797521.0500001,8.03,8.035552024615503,-166896.0,8.220075845830047,603486.SH,2020-11-13
八方股份,9011915.0,1772643680.5,30.03,30.039716666666667,-167.0,30.039716666666667,603489.SH,2020-11-13
韦尔股份,34579045.0,6977705490.55,4.53,4.53238221527515,348257.0,8.960382084560901,603501.SH,2020-11-13
金石资源,1303850.0,33456791.0,0.54,0.548647579613546,-20929.0,1.1887484776525132,603505.SH,2020-11-13
思维列控,244240.0,6797199.199999999,0.1,0.1084972916323596,15640.0,0.3123244821192316,603508.SH,2020-11-13
欧普照明,30419946.0,941497328.6999999,4.03,4.035767245729716,102827.0,23.768433910423912,603515.SH,2020-11-13
绝味食品,13382315.0,1098420415.2,2.19,2.198757819797439,-57143.0,4.7026599571763,603517.SH,2020-11-13
司太立,3913213.0,252010917.20000002,1.66,1.6673106035267686,226426.0,3.100407158833144,603520.SH,2020-11-13
多伦科技,1046.0,13022.699999999999,0.0,0.00016760040602239852,0.0,0.0005139771314572677,603528.SH,2020-11-13
掌阅科技,4704565.0,242755554.0,1.17,1.1732082294264339,-1117507.0,3.5190071332419435,603533.SH,2020-11-13
*ST贵人,41504.0,85498.24,0.0,0.006602586463024514,0.0,0.020547842493123438,603555.SH,2020-11-13
海兴电力,11530944.0,171234518.4,2.35,2.3595908718443104,-83473.0,6.501279389889149,603556.SH,2020-11-13
珍宝岛,161774.0,1891138.0599999998,0.01,0.01905106222620001,0.0,0.12913541201854806,603567.SH,2020-11-13
伟明环保,9724114.0,213638784.57999998,0.77,0.7740569921642916,-71325.0,2.822989857955922,603568.SH,2020-11-13
长久物流,1151142.0,9991912.56,0.2,0.20545967377753177,-29620.0,0.9244831106447129,603569.SH,2020-11-13
荣泰健康,1753090.0,59254441.99999999,1.25,1.2522071428571429,4000.0,2.7478071962833623,603579.SH,2020-11-13
捷昌驱动,3530283.0,251356149.60000002,2.38,2.389206551937999,64256.0,3.5114541614120096,603583.SH,2020-11-13
苏利股份,987258.0,17504084.34,0.54,0.5484766666666666,-9100.0,1.8282555555555555,603585.SH,2020-11-13
地素时尚,10598281.0,240051064.64999998,9.29,9.296737719298246,372937.0,9.296737719298246,603587.SH,2020-11-13
高能环境,5934353.0,88540546.76,0.78,0.7853091255290651,-142900.0,1.0096780029611445,603588.SH,2020-11-13
口子窖,26268145.0,1654893135.0,4.37,4.378024166666667,-1289417.0,7.16587361823498,603589.SH,2020-11-13
康辰药业,799385.0,29801072.8,0.95,0.9588672535290672,34200.0,0.9588672535290674,603590.SH,2020-11-13
东尼电子,39865.0,1003003.4,0.02,0.024711889678933754,0.0,0.04688056221583327,603595.SH,2020-11-13
伯特利,5281752.0,207572853.6,3.08,3.081652454731364,131062.0,3.0816524547313637,603596.SH,2020-11-13
广信股份,8394335.0,180226372.45,1.8,1.8064798627121486,-13338.0,3.600159387114523,603599.SH,2020-11-13
永艺股份,2506488.0,43612891.199999996,0.83,0.8304872758733891,-264904.0,1.961005448804709,603600.SH,2020-11-13
再升科技,16490191.0,239932279.05,2.29,2.293579792341218,-359200.0,4.0978545191867415,603601.SH,2020-11-13
博天环境,2874.0,16410.54,0.0,0.0011214920973946195,0.0,0.0017458049549164093,603603.SH,2020-11-13
珀莱雅,12060661.0,2157411039.68,19.3,19.30901374130862,67170.0,19.30901374130862,603605.SH,2020-11-13
东方电缆,31711075.0,673860343.75,4.96,4.963824075064927,-907047.0,8.275044501516279,603606.SH,2020-11-13
禾丰牧业,6398106.0,79912343.94,0.7,0.7075147330618395,-85300.0,1.7917062970336814,603609.SH,2020-11-13
麒盛科技,377304.0,10255122.72,0.36,0.36636388351076465,35976.0,0.45417607038703506,603610.SH,2020-11-13
索通发展,3406.0,51260.3,0.0,0.0007994486967987517,0.0,0.0012712803740598055,603612.SH,2020-11-13
国联股份,2403210.0,211146030.6,1.99,1.999274666967666,35090.0,1.999274666967666,603613.SH,2020-11-13
韩建河山,86.0,514.2800000000001,0.0,2.931551677120262e-05,0.0,5.7815670197904383e-05,603616.SH,2020-11-13
杭电股份,3088.0,17941.28,0.0,0.0004468639128222686,0.0,0.001034104467289439,603618.SH,2020-11-13
中曼石油,12779.0,126256.52,0.0,0.00891631041777132,0.0,0.011618497739425289,603619.SH,2020-11-13
科森科技,3173894.0,48560578.2,0.66,0.6671700332089404,4000.0,1.241942059527144,603626.SH,2020-11-13
清源股份,21119.0,208233.34,0.0,0.007713294375456537,0.0,0.024219374713062222,603628.SH,2020-11-13
艾迪精密,6033874.0,338379653.92,1.07,1.079424164378731,26522.0,3.722605005056253,603638.SH,2020-11-13
海利尔,606755.0,12923881.5,0.25,0.2565886148364163,9116.0,0.7752515921434664,603639.SH,2020-11-13
彤程新材,3264351.0,123588328.86,2.48,2.483954572260163,-160755.0,2.483954572260163,603650.SH,2020-11-13
安图生物,11577436.0,1806774662.16,2.68,2.6886572354451332,-304402.0,9.426221446390537,603658.SH,2020-11-13
璞泰来,10807403.0,1241770604.7,2.49,2.4952534059071665,374440.0,7.178310691844852,603659.SH,2020-11-13
苏州科达,1484787.0,12576145.89,0.3,0.30046039685831744,45400.0,0.4075066186784633,603660.SH,2020-11-13
亿嘉和,856652.0,72215763.6,2.16,2.1663295142734644,-5837.0,2.1663295142734644,603666.SH,2020-11-13
灵康药业,2710851.0,22744039.89,0.37,0.37996902332361515,-45838.0,0.9714864034653415,603669.SH,2020-11-13
火炬电子,2476261.0,119751981.96,0.54,0.5470393785969543,-129600.0,0.964205577177806,603678.SH,2020-11-13
今创集团,899540.0,10254756.0,0.35,0.35561437069163887,15151.0,1.0036757669585683,603680.SH,2020-11-13
永冠新材,520212.0,10014081.0,0.84,0.8437167678627685,20140.0,0.8437167678627684,603681.SH,2020-11-13
龙马环卫,7496924.0,142291617.52,1.8,1.8036378023094626,228594.0,2.2074400009325696,603686.SH,2020-11-13
大胜达,320207.0,3400598.34,0.22,0.225834998542049,-68400.0,0.49580541069504147,603687.SH,2020-11-13
至纯科技,527134.0,18423333.3,0.21,0.21755141547233753,-19000.0,0.4085717426786899,603690.SH,2020-11-13
航天工程,402388.0,4373957.56,0.07,0.0750737886900875,0.0,0.29693545136977256,603698.SH,2020-11-13
纽威股份,160846.0,2224500.18,0.02,0.021446133333333332,0.0,0.08450976327456917,603699.SH,2020-11-13
健友股份,8589003.0,327842244.51,0.92,0.9208977648510992,41410.0,3.0721027961505167,603707.SH,2020-11-13
家家悦,16863818.0,436435609.84,2.77,2.7718307034845497,22924.0,8.26405897900654,603708.SH,2020-11-13
香飘飘,503871.0,11105316.84,1.03,1.0314053261160145,-55200.0,1.0314053261160145,603711.SH,2020-11-13
七一二,6573947.0,274133589.90000004,1.79,1.794019323386734,169733.0,2.8018308795450206,603712.SH,2020-11-13
密尔克卫,6254546.0,717396426.2,9.19,9.194603900200422,-38486.0,12.70737147074375,603713.SH,2020-11-13
博迈科,146.0,2505.36,0.0,6.234141049712868e-05,0.0,0.00015381494999560258,603727.SH,2020-11-13
鸣志电器,7178959.0,124842097.01,1.72,1.7257112980769231,108861.0,5.225611971863147,603728.SH,2020-11-13
岱美股份,1721820.0,50328798.6,0.29,0.2971050433273098,-25957.0,1.5839754547556533,603730.SH,2020-11-13
仙鹤股份,3254504.0,62095936.31999999,2.08,2.0865914713324742,731082.0,2.086591471332474,603733.SH,2020-11-13
三棵树,29429414.0,4423240924.200001,11.28,11.288804056357117,-34713.0,33.182542753000334,603737.SH,2020-11-13
大元泵业,19095.0,439185.0,0.01,0.011625712337440943,0.0,0.03247448979591837,603757.SH,2020-11-13
隆鑫通用,20206800.0,80625132.0,0.98,0.9839974773340996,-311500.0,1.970807158073265,603766.SH,2020-11-13
沃格光电,165257.0,4858555.8,0.25,0.2569002385534417,0.0,0.3161158523079774,603773.SH,2020-11-13
永安行,10426.0,195174.72,0.0,0.0055581618509435975,0.0,0.010053891694552973,603776.SH,2020-11-13
来伊份,55.0,699.6,0.0,1.6341815734035677e-05,0.0,4.8540105149870405e-05,603777.SH,2020-11-13
科博达,1223578.0,79067610.36,3.05,3.0513167082294266,52358.0,3.0513167082294266,603786.SH,2020-11-13
康普顿,5469.0,55783.799999999996,0.0,0.0027345,0.0,0.006023127753303965,603798.SH,2020-11-13
华友钴业,64575748.0,3224912855.12,5.83,5.832603427861761,5323470.0,9.401571657561131,603799.SH,2020-11-13
志邦家居,4435916.0,169895582.79999998,2.03,2.036595504456262,207700.0,4.175201394219891,603801.SH,2020-11-13
瑞斯康达,3017369.0,33281580.069999997,0.71,0.7166201585127163,4880.0,1.5182582417251762,603803.SH,2020-11-13
福斯特,7150878.0,546041044.08,0.92,0.9292256459967093,-260843.0,2.840872609229443,603806.SH,2020-11-13
歌力思,5267966.0,73172047.74000001,1.58,1.5842762943241182,42800.0,4.071376387674572,603808.SH,2020-11-13
顾家家居,23569337.0,1886961120.22,3.79,3.7906362266530667,28402.0,10.155509263457327,603816.SH,2020-11-13
曲美家居,187.0,1911.14,0.0,3.86267867470875e-05,0.0,0.00014239503886546943,603818.SH,2020-11-13
欧派家居,37258461.0,4933020236.400001,6.24,6.247661463331873,-67750.0,26.316152816202116,603833.SH,2020-11-13
好太太,785999.0,11758545.040000001,1.1,1.1054060895858238,-50009.0,1.617115523094332,603848.SH,2020-11-13
步长制药,27541703.0,660450037.94,2.41,2.412593798347714,-262463.0,5.030699847176826,603858.SH,2020-11-13
白云电器,1792.0,15841.279999999999,0.0,0.0004341275391416003,0.0,0.0019222817003212388,603861.SH,2020-11-13
桃李面包,14905716.0,909844904.64,2.19,2.1915249261187233,-26438.0,5.847411750750396,603866.SH,2020-11-13
飞科电器,4018449.0,208236027.18,0.92,0.922508953168044,-113466.0,9.216626146788991,603868.SH,2020-11-13
嘉友国际,1207306.0,30279234.479999997,2.19,2.1999016034985424,37577.0,2.1999016034985424,603871.SH,2020-11-13
鼎胜新材,4334018.0,56385574.18,1.81,1.811462397425584,-196690.0,3.5585386871487006,603876.SH,2020-11-13
太平鸟,6347760.0,242293999.20000002,1.33,1.3315271593460074,0.0,10.073524592596378,603877.SH,2020-11-13
数据港,2742192.0,204567523.2,1.3,1.3021688929853,-89100.0,3.053846944624569,603881.SH,2020-11-13
金域医学,46703859.0,4025872645.8,10.16,10.16433552021799,-26360.0,19.617991720236546,603882.SH,2020-11-13
老百姓,27750982.0,1964769525.6,7.26,7.260777471557657,26260.0,16.0011109855733,603883.SH,2020-11-13
吉祥航空,13642423.0,158115682.57,0.75,0.7591719914519038,-538476.0,2.5404246977585627,603885.SH,2020-11-13
新华网,3867764.0,71785699.83999999,0.74,0.7451917556263098,55503.0,2.0032033528253597,603888.SH,2020-11-13
天永智能,808.0,15812.56,0.0,0.0024658850299415815,0.0,0.002805232174624314,603895.SH,2020-11-13
长城科技,31280.0,641240.0,0.05,0.056319373048706114,0.0,0.056319373048706114,603897.SH,2020-11-13
好莱客,1618626.0,26464535.1,0.51,0.5199975773243911,0.0,1.5655782442322992,603898.SH,2020-11-13
晨光文具,33584655.0,2811035623.5,3.65,3.6505059782608695,208161.0,11.043043156596793,603899.SH,2020-11-13
国茂股份,9093271.0,214146532.05,7.27,7.278844352800106,-380900.0,7.278844352800107,603915.SH,2020-11-13
世运电路,3921565.0,126274393.00000001,0.96,0.9684227552732665,193351.0,2.9855043547444233,603920.SH,2020-11-13
中科软,1087688.0,44714853.68,0.33,0.335097866786022,73300.0,0.41684231697136054,603927.SH,2020-11-13
亚翔集成,749620.0,10374740.8,0.35,0.35134045744281966,72124.0,1.0260333972077744,603929.SH,2020-11-13
益丰药房,56391982.0,6110635169.5199995,10.95,10.958035918728433,-1289960.0,27.231588513684095,603939.SH,2020-11-13
威派格,995129.0,18181006.83,1.13,1.132629031835839,-239699.0,1.6673333739361553,603956.SH,2020-11-13
百利科技,9742.0,136485.41999999998,0.0,0.0022189322157434403,0.0,0.004350955521997648,603959.SH,2020-11-13
克来机电,6102380.0,231829416.20000002,2.39,2.3933114600692984,-100895.0,3.9104530988366157,603960.SH,2020-11-13
金诚信,191567.0,2302635.34,0.03,0.032835829839360293,0.0,0.06838419844566283,603979.SH,2020-11-13
泉峰汽车,498202.0,9166916.799999999,0.61,0.6117411591355599,-12700.0,0.7245910451174504,603982.SH,2020-11-13
丸美股份,2226191.0,136754913.13,2.89,2.8911571428571428,-33800.0,4.590368476400601,603983.SH,2020-11-13
兆易创新,14292596.0,2960711261.4,3.42,3.419721763879035,-51578.0,4.522553779115957,603986.SH,2020-11-13
艾华集团,5059801.0,139802301.63,1.27,1.2771949059495873,116673.0,3.7317843409940683,603989.SH,2020-11-13
洛阳钼业,286440578.0,1246016514.3,1.62,1.6214438211190685,9426439.0,4.090388356419277,603993.SH,2020-11-13
继峰股份,2429640.0,20724829.2,0.38,0.38422192151128176,-162045.0,1.5876699825591156,603997.SH,2020-11-13
德利股份,743179.0,21388691.62,3.71,3.715895,-689100.0,3.715895,605198.SH,2020-11-13
